permno,cik,td,treated_permno,treated_accession,match_group,extraction_status,window_coverage,bid12,first_bid_date,first_bid_form,first_bid_route,first_bid_accession,n_bid_events,filer_own_bid,ambiguous,n_ambiguous_events,excluded_prior_bid,prior_bid_any,prior_bid_last_date
11499,0000003197,2023-05-29,17045,0001193805-23-000851,0001193805-23-000851,ok,full,0.0,,,,,0,0,0,0,0,0,
49330,0000003499,2023-03-01,22360,0000904853-23-000005,0000904853-23-000005,ok,full,0.0,,,,,0,0,0,0,0,0,
10516,0000007084,2024-08-13,26825,0001341004-24-000139,0001341004-24-000139,ok,full,0.0,,,,,0,0,0,0,0,0,
15203,0000007623,2023-05-26,81741,0000944075-23-000041,0000944075-23-000041,ok,full,0.0,,,,,0,0,0,0,0,0,
15203,0000007623,2024-11-12,14339,0001781002-24-000055,0001781002-24-000055,ok,full,0.0,,,,,0,0,0,0,0,0,
14720,0000008504,2022-12-19,22356,0001891364-22-000004,0001891364-22-000004,ok,full,0.0,,,,,0,0,0,0,0,0,
27684,0000008858,2023-01-31,82777,0000950142-23-000274,0000950142-23-000274,ok,full,0.0,,,,,0,0,0,0,0,0,
23182,0000019745,2024-11-14,21619,0001213900-24-111891,0001213900-24-111891,ok,full,0.0,,,,,0,0,0,0,0,0,
56274,0000023217,2024-10-11,16431,0001104659-24-109740,0001104659-24-109740,ok,full,0.0,,,,,0,0,0,0,0,0,
26650,0000023795,2023-09-27,14566,0001104659-23-107787,0001104659-23-107787,ok,full,0.0,,,,,0,0,0,0,0,0,
59256,0000025895,2024-04-05,27909,0000921895-24-000833,0000921895-24-000833,ok,full,0.0,,,,,0,0,0,0,0,0,
25953,0000029905,2024-11-06,87034,0001139032-25-000002,0001139032-25-000002,ok,full,0.0,,,,,0,0,0,0,0,0,
31691,0000033533,2023-08-20,20312,0001213900-23-071415,0001213900-23-071415,ok,full,0.0,,,,,0,0,0,0,0,0,
36346,0000034782,2022-02-11,86287,0001104659-22-023678,0001104659-22-023678,ok,full,0.0,,,,,0,0,0,0,0,0,
37568,0000038725,2022-10-10,17987,0001193805-22-001434,0001193805-22-001434,ok,full,0.0,,,,,0,0,0,0,0,0,
37568,0000038725,2024-06-06,16182,0001085146-24-002696,0001085146-24-002696,ok,full,0.0,,,,,0,0,0,0,0,0,
12036,0000040211,2022-01-27,16631,0001193805-22-000143,0001193805-22-000143,ok,full,0.0,,,,,0,0,0,0,0,0,
17144,0000040704,2024-08-13,26825,0001341004-24-000139,0001341004-24-000139,ok,full,0.0,,,,,0,0,0,0,0,0,
83989,0000043196,2024-04-01,88742,0001493152-24-013789,0001493152-24-013789,ok,full,0.0,,,,,0,0,0,0,0,0,
32870,0000048465,2024-08-13,26825,0001341004-24-000139,0001341004-24-000139,ok,full,0.0,,,,,0,0,0,0,0,0,
76732,0000049754,2023-02-01,21890,0001866581-23-000028,0001866581-23-000028,ok,full,0.0,,,,,0,0,0,0,0,0,
76732,0000049754,2024-08-08,22085,0000921895-24-001846,0000921895-24-001846,ok,full,0.0,,,,,0,0,0,0,0,0,
12380,0000050471,2023-03-03,26084,0001815572-23-000003,0001815572-23-000003,ok,full,0.0,,,,,0,0,0,0,0,0,
12380,0000050471,2024-11-22,17343,0001213900-24-102372,0001213900-24-102372,ok,full,0.0,,,,,0,0,0,0,0,0,
86594,0000056679,2022-03-31,11370,0001193805-22-000591,0001193805-22-000591,ok,full,0.0,,,,,0,0,0,0,0,0,
89369,0000057725,2022-03-18,85293,0000921895-22-000996,0000921895-22-000996,ok,full,0.0,,,,,0,0,0,0,0,0,
89369,0000057725,2022-07-06,17105,0001072613-22-000489,0001072613-22-000489,ok,full,0.0,,,,,0,0,0,0,0,0,
26710,0000060086,2024-12-09,23340,0001493152-24-049899,0001493152-24-049899,ok,full,0.0,,,,,0,0,0,0,0,0,
33849,0000061004,2021-12-31,86474,0001104659-22-002789,0001104659-22-002789,ok,full,1.0,2022-02-14,PREM14A,A,0001564590-22-005006,2,0,0,0,0,0,
51263,0000061986,2023-01-30,19838,0001628280-23-001760,0001628280-23-001760,ok,full,0.0,,,,,0,0,0,0,0,0,
51263,0000061986,2023-05-29,17045,0001193805-23-000851,0001193805-23-000851,ok,full,0.0,,,,,0,0,0,0,0,0,
51925,0000063330,2022-07-27,49322,0001010549-22-000186,0001010549-22-000186,ok,full,0.0,,,,,0,0,0,0,0,0,
52250,0000064472,2021-12-28,18075,0000921895-22-000091,0000921895-22-000091,ok,full,0.0,,,,,0,0,0,0,0,0,
52250,0000064472,2023-06-06,88542,0000919574-23-003607,0000919574-23-003607,ok,full,0.0,,,,,0,0,0,0,0,0,
83885,0000065770,2023-07-21,82542,0001389404-23-000004,0001389404-23-000004,ok,full,0.0,,,,,0,0,0,0,0,0,
83885,0000065770,2024-06-21,19416,0001011438-24-000386,0001011438-24-000386,ok,full,0.0,,,,,0,0,0,0,0,0,
83885,0000065770,2024-11-06,88807,0000950142-24-002787,0000950142-24-002787,ok,full,0.0,,,,,0,0,0,0,0,0,
53859,0000066004,2022-10-16,20246,0001104659-22-111608,0001104659-22-111608,ok,full,0.0,,,,,0,0,0,0,0,0,
55993,0000069633,2023-09-15,81621,0000921895-23-002203,0000921895-23-002203,ok,full,0.0,,,,,0,0,0,0,0,0,
55993,0000069633,2024-12-13,16710,0000950170-24-139216,0000950170-24-139216,ok,full,0.0,,,,,0,0,0,0,0,0,
79611,0000072573,2023-08-09,79150,0000902664-23-004496,0000902664-23-004496,ok,full,0.0,,,,,0,0,0,0,0,0,
55862,0000073290,2022-05-31,15542,0001104659-22-070134,0001104659-22-070134,ok,full,0.0,,,,,0,0,0,0,0,0,
58975,0000073756,2022-04-14,17073,0000899140-22-000470,0000899140-22-000470,ok,full,0.0,,,,,0,0,0,0,0,0,
59185,0000074046,2023-01-20,80233,0001193805-23-000076,0001193805-23-000076,ok,full,0.0,,,,,0,0,0,0,0,0,
34948,0000075288,2022-03-22,83822,0001173879-22-000002,0001173879-22-000002,ok,full,0.0,,,,,0,0,0,0,0,0,
82279,0000088948,2022-02-23,18642,0001213900-22-010936,0001213900-22-010936,ok,full,0.0,,,,,0,0,0,0,0,0,
49138,0000090168,2023-09-26,23193,0001683168-23-007194,0001683168-23-007194,ok,full,0.0,,,,,0,0,0,0,0,0,
44329,0000096943,2022-08-10,92220,0000914121-22-004079,0000914121-22-004079,ok,full,0.0,,,,,0,0,0,0,0,0,
74500,0000098338,2023-03-30,31668,0001214659-23-004528,0001214659-23-004528,ok,full,0.0,,,,,0,0,0,0,0,0,
55001,0000099780,2021-12-28,92570,0001539497-22-000021,0001539497-22-000021,ok,full,0.0,,,,,0,0,0,0,0,0,
91103,0000100517,2024-07-29,58683,0000902664-24-004970,0000902664-24-004970,ok,full,0.0,,,,,0,0,0,0,0,0,
78693,0000101199,2023-04-24,56822,0000921895-23-000932,0000921895-23-000932,ok,full,0.0,,,,,0,0,0,0,0,0,
78749,0000101295,2022-08-26,13599,0001851734-22-000538,0001851734-22-000538,ok,full,0.0,,,,,0,0,0,0,0,0,
78749,0000101295,2023-01-19,82526,0000921895-23-000151,0000921895-23-000151,ok,full,0.0,,,,,0,0,0,0,0,0,
78749,0000101295,2023-05-22,18894,0001332596-23-000001,0001332596-23-000001,ok,full,0.0,,,,,0,0,0,0,0,0,
78749,0000101295,2023-08-16,16681,0000921895-23-002063,0000921895-23-002063,ok,full,0.0,,,,,0,0,0,0,0,0,
78749,0000101295,2024-05-22,11292,0001744329-24-000003,0001744329-24-000003,ok,full,0.0,,,,,0,0,0,0,0,0,
24969,0000104918,2024-10-01,18368,0001749723-24-000095,0001749723-24-000095,ok,full,0.0,,,,,0,0,0,0,0,0,
29612,0000109563,2023-01-31,82777,0000950142-23-000274,0000950142-23-000274,ok,full,0.0,,,,,0,0,0,0,0,0,
29744,0000109657,2023-06-21,82848,0001493152-23-025154,0001493152-23-025154,ok,full,0.0,,,,,0,0,0,0,0,0,
29744,0000109657,2023-08-16,86536,0001437749-23-024725,0001437749-23-024725,ok,full,0.0,,,,,0,0,0,0,0,0,
56945,0000275053,2022-04-04,12577,0000950142-22-001358,0000950142-22-001358,ok,full,0.0,,,,,0,0,0,0,0,0,
56945,0000275053,2023-01-09,83148,0000921895-23-000084,0000921895-23-000084,ok,full,0.0,,,,,0,0,0,0,0,0,
56945,0000275053,2023-10-04,12577,0001140361-23-048351,0001140361-23-048351,ok,full,0.0,,,,,0,0,0,0,0,0,
47706,0000277509,2021-12-28,92570,0001539497-22-000021,0001539497-22-000021,ok,full,0.0,,,,,0,0,0,0,0,0,
19997,0000314227,2022-09-30,15125,0001628280-22-030420,0001628280-22-030420,ok,full,0.0,,,,,0,0,0,0,0,0,
19997,0000314227,2023-01-25,20297,0001513162-23-000013,0001513162-23-000013,ok,full,0.0,,,,,0,0,0,0,0,0,
19997,0000314227,2023-06-02,21939,0001213900-23-047253,0001213900-23-047253,ok,full,0.0,,,,,0,0,0,0,0,0,
19997,0000314227,2024-04-22,15631,0000899140-24-000506,0000899140-24-000506,ok,full,0.0,,,,,0,0,0,0,0,0,
77236,0000315131,2022-11-18,89546,0001387131-22-011869,0001387131-22-011869,ok,full,0.0,,,,,0,0,0,0,0,0,
87656,0000318306,2022-03-18,85293,0000921895-22-000996,0000921895-22-000996,ok,full,0.0,,,,,0,0,0,0,0,0,
87656,0000318306,2022-06-24,16681,0000921895-22-002146,0000921895-22-002146,ok,full,0.0,,,,,0,0,0,0,0,0,
11593,0000318673,2023-05-24,19592,0001213900-23-045856,0001213900-23-045856,ok,full,0.0,,,,,0,0,0,0,0,0,
11593,0000318673,2024-12-10,83565,0000904853-24-000009,0000904853-24-000009,ok,full,0.0,,,,,0,0,0,0,0,0,
34666,0000320017,2023-05-22,18894,0001332596-23-000001,0001332596-23-000001,ok,full,0.0,,,,,0,0,0,0,0,0,
34666,0000320017,2024-03-15,18419,0001193805-24-000439,0001193805-24-000439,ok,full,0.0,,,,,0,0,0,0,0,0,
20173,0000320121,2023-06-16,17315,0000921895-23-001570,0000921895-23-001570,ok,full,0.0,,,,,0,0,0,0,0,0,
20173,0000320121,2023-08-03,16999,0001213900-23-066230,0001213900-23-066230,ok,full,0.0,,,,,0,0,0,0,0,0,
67029,0000350868,2024-11-06,88807,0000950142-24-002787,0000950142-24-002787,ok,full,0.0,,,,,0,0,0,0,1,1,2024-11-01
66852,0000355948,2022-01-27,37402,0000921895-22-000291,0000921895-22-000291,ok,full,0.0,,,,,0,0,0,0,0,0,
65270,0000700841,2023-06-16,17315,0000921895-23-001570,0000921895-23-001570,ok,full,0.0,,,,,0,0,0,0,0,0,
11275,0000704440,2024-03-25,89891,0001140361-24-016912,0001140361-24-016912,ok,full,0.0,,,,,0,0,0,0,0,0,
89279,0000706863,2024-03-18,22302,0000897069-24-000736,0000897069-24-000736,ok,full,0.0,,,,,0,0,0,0,0,0,
89279,0000706863,2024-08-19,79734,0001013594-24-000674,0001013594-24-000674,ok,full,0.0,,,,,0,0,0,0,0,0,
61146,0000708821,2022-06-13,85424,0000807249-22-000074,0000807249-22-000074,ok,full,0.0,,,,,0,0,0,0,0,0,
16976,0000711772,2022-02-11,86287,0001104659-22-023678,0001104659-22-023678,ok,full,1.0,2022-05-23,8-K,A,0001193125-22-157509,1,0,0,1,0,0,
76928,0000714256,2022-06-07,19082,0001493152-22-016439,0001493152-22-016439,ok,full,0.0,,,,,0,0,0,0,0,0,
77379,0000714562,2022-12-31,58836,0001587987-23-000044,0001587987-23-000044,ok,full,1.0,2023-11-13,8-K,A,0000714562-23-000042,1,0,0,0,0,1,2021-08-10
60468,0000716314,2021-12-28,18075,0000921895-22-000091,0000921895-22-000091,ok,full,0.0,,,,,0,0,0,0,0,0,
60468,0000716314,2023-06-06,88542,0000919574-23-003607,0000919574-23-003607,ok,full,0.0,,,,,0,0,0,0,0,0,
80179,0000717720,2024-12-02,19826,0001683168-24-008597,0001683168-24-008597,ok,full,0.0,,,,,0,0,0,0,0,0,
47619,0000719733,2021-12-31,86474,0001104659-22-002789,0001104659-22-002789,ok,full,0.0,,,,,0,0,0,0,0,0,
47619,0000719733,2023-08-20,20312,0001213900-23-071415,0001213900-23-071415,ok,full,0.0,,,,,0,0,0,0,0,0,
69649,0000720005,2022-01-01,12591,0000950142-22-000248,0000950142-22-000248,ok,full,0.0,,,,,0,0,0,0,0,0,
65008,0000720500,2023-06-06,88542,0000919574-23-003607,0000919574-23-003607,ok,full,0.0,,,,,0,0,0,0,0,0,
93302,0000721693,2022-05-06,87302,0001477932-22-003302,0001477932-22-003302,ok,full,0.0,,,,,0,0,0,0,0,0,
79322,0000722313,2022-07-01,92448,0001140361-22-024908,0001140361-22-024908,ok,full,0.0,,,,,0,0,0,0,0,0,
18652,0000723646,2023-06-01,88984,0001137547-23-000062,0001137547-23-000062,ok,full,0.0,,,,,0,0,0,0,0,0,
89655,0000724910,2022-05-12,20670,0000902664-22-003109,0000902664-22-003109,ok,full,0.0,,,,,0,0,0,0,0,0,
79019,0000731653,2022-11-08,92807,0000921895-22-003096,0000921895-22-003096,ok,full,0.0,,,,,0,0,0,0,0,0,
92583,0000732026,2024-05-28,86290,0001104659-24-066057,0001104659-24-066057,ok,full,0.0,,,,,0,0,0,0,0,0,
20117,0000733269,2022-11-29,81222,0001193805-22-001682,0001193805-22-001682,ok,full,0.0,,,,,0,0,0,0,0,0,
77624,0000736012,2021-12-28,18075,0000921895-22-000091,0000921895-22-000091,ok,full,0.0,,,,,0,0,0,0,0,0,
77624,0000736012,2022-04-01,83910,0001213900-22-018462,0001213900-22-018462,ok,full,0.0,,,,,0,0,0,0,0,0,
77624,0000736012,2024-05-03,83840,0000950103-24-006446,0000950103-24-006446,ok,full,0.0,,,,,0,0,0,0,0,0,
11397,0000737468,2023-08-15,17093,0001104659-23-093361,0001104659-23-093361,ok,full,0.0,,,,,0,0,0,0,0,0,
11397,0000737468,2024-10-02,15064,0001904067-24-000003,0001904067-24-000003,ok,full,0.0,,,,,0,0,0,0,0,0,
14689,0000738214,2022-04-12,16668,0001104659-22-049068,0001104659-22-049068,ok,full,0.0,,,,,0,0,0,0,0,0,
88183,0000740971,2022-12-31,91472,0001157523-23-000269,0001157523-23-000269,ok,full,0.0,,,,,0,0,0,0,0,0,
76123,0000745308,2022-11-02,92502,0001104659-22-115972,0001104659-22-115972,ok,full,0.0,,,,,0,0,0,0,0,0,
10890,0000746838,2022-11-10,88203,0001493152-22-033146,0001493152-22-033146,ok,full,0.0,,,,,0,0,0,0,0,0,
10890,0000746838,2023-05-25,85177,0001085146-23-002486,0001085146-23-002486,ok,full,0.0,,,,,0,0,0,0,0,0,
21090,0000748268,2023-08-08,46834,0001062993-23-016502,0001062993-23-016502,ok,full,0.0,,,,,0,0,0,0,0,0,
88779,0000749660,2022-01-27,88564,0001493152-22-003197,0001493152-22-003197,ok,full,0.0,,,,,0,0,0,0,0,0,
88779,0000749660,2023-08-31,21933,0000902664-23-004716,0000902664-23-004716,ok,full,0.0,,,,,0,0,0,0,0,0,
92690,0000752642,2022-07-13,12566,0001104659-22-082403,0001104659-22-082403,ok,full,0.0,,,,,0,0,0,0,0,0,
13694,0000763563,2022-02-15,88341,0000897069-22-000124,0000897069-22-000124,ok,full,0.0,,,,,0,0,0,0,0,0,
77889,0000763907,2022-02-15,88341,0000897069-22-000124,0000897069-22-000124,ok,full,0.0,,,,,0,0,0,0,0,0,
87725,0000764401,2024-02-29,79198,0001140361-24-011951,0001140361-24-011951,ok,full,0.0,,,,,0,0,0,0,0,0,
54199,0000766829,2024-10-01,18368,0001749723-24-000095,0001749723-24-000095,ok,full,0.0,,,,,0,0,0,0,0,0,
89202,0000767405,2022-12-31,91472,0001157523-23-000269,0001157523-23-000269,ok,full,0.0,,,,,0,0,0,0,0,0,
83671,0000768899,2023-08-23,19679,0001628280-23-031024,0001628280-23-031024,ok,full,0.0,,,,,0,0,0,0,0,0,
47730,0000771497,2024-10-14,19565,0000902664-24-005919,0000902664-24-005919,ok,full,0.0,,,,,0,0,0,0,0,0,
10257,0000785557,2022-07-19,21737,0001140361-22-027287,0001140361-22-027287,ok,full,0.0,,,,,0,0,0,0,0,0,
10257,0000785557,2023-04-14,87227,0000921895-23-000931,0000921895-23-000931,ok,full,0.0,,,,,0,0,0,0,0,0,
10257,0000785557,2024-08-19,20336,0001214659-24-014893,0001214659-24-014893,ok,full,0.0,,,,,0,0,0,0,0,0,
11654,0000787253,2022-02-02,90783,0001193125-22-042152,0001193125-22-042152,ok,full,0.0,,,,,0,0,0,0,0,0,
10550,0000788920,2024-03-25,89891,0001140361-24-016912,0001140361-24-016912,ok,full,0.0,,,,,0,0,0,0,0,0,
19231,0000803164,2024-02-28,89573,0001493152-24-008886,0001493152-24-008886,ok,full,1.0,2024-07-25,8-K,A,0001140361-24-034098,1,0,0,0,0,0,
10966,0000805928,2022-07-11,20581,0001214659-22-009064,0001214659-22-009064,ok,full,0.0,,,,,0,0,0,0,0,0,
10966,0000805928,2024-03-05,22220,0001193805-24-000342,0001193805-24-000342,ok,full,0.0,,,,,0,0,0,0,0,0,
11803,0000807863,2022-11-14,24459,0001193805-22-001587,0001193805-22-001587,ok,full,0.0,,,,,0,0,0,0,0,0,
11394,0000811212,2023-08-07,14934,0001213900-23-068201,0001213900-23-068201,ok,full,0.0,,,,,0,0,0,0,0,0,
91403,0000811596,2024-02-29,79198,0001140361-24-011951,0001140361-24-011951,ok,full,0.0,,,,,0,0,0,0,0,0,
11481,0000814549,2022-04-11,21353,0001193125-22-113123,0001193125-22-113123,ok,full,0.0,,,,,0,0,0,0,0,0,
11481,0000814549,2022-12-13,20465,0000921895-22-003251,0000921895-22-003251,ok,full,0.0,,,,,0,0,0,0,0,0,
11547,0000816956,2022-01-06,77447,0000950127-22-000003,0000950127-22-000003,ok,full,0.0,,,,,0,0,0,0,0,0,
90880,0000820027,2024-11-01,12591,0000950142-24-002712,0000950142-24-002712,ok,full,0.0,,,,,0,0,0,0,0,0,
75905,0000821002,2022-03-22,83822,0001173879-22-000002,0001173879-22-000002,ok,full,0.0,,,,,0,0,0,0,0,0,
14773,0000821483,2022-04-14,17073,0000899140-22-000470,0000899140-22-000470,ok,full,0.0,,,,,0,0,0,0,0,0,
77300,0000825542,2023-03-09,88159,0000902664-23-002313,0000902664-23-002313,ok,full,0.0,,,,,0,0,0,0,0,0,
79280,0000828146,2024-05-28,86290,0001104659-24-066057,0001104659-24-066057,ok,full,0.0,,,,,0,0,0,0,0,0,
90608,0000829323,2024-12-04,79903,0000921895-24-002895,0000921895-24-002895,ok,full,0.0,,,,,0,0,0,0,0,0,
19832,0000832489,2024-05-23,14419,0001683168-24-003883,0001683168-24-003883,ok,full,0.0,,,,,0,0,0,0,0,0,
18418,0000846475,2023-08-09,79150,0000902664-23-004496,0000902664-23-004496,ok,full,0.0,,,,,0,0,0,0,0,0,
79586,0000846913,2022-04-27,14636,0000921895-22-001517,0000921895-22-001517,ok,full,0.0,,,,,0,0,0,0,0,0,
78988,0000849145,2023-03-03,26084,0001815572-23-000003,0001815572-23-000003,ok,full,0.0,,,,,0,0,0,0,0,0,
78988,0000849145,2024-04-18,22610,0000902664-24-003017,0000902664-24-003017,ok,full,0.0,,,,,0,0,0,0,0,0,
76261,0000851520,2022-06-21,93369,0001193125-22-187216,0001193125-22-187216,ok,full,0.0,,,,,0,0,0,0,0,0,
75860,0000855654,2022-05-18,19356,0000902664-22-003160,0000902664-22-003160,ok,full,0.0,,,,,0,0,0,0,0,0,
82621,0000855683,2022-06-07,19082,0001493152-22-016439,0001493152-22-016439,ok,full,0.0,,,,,0,0,0,0,0,0,
82824,0000861838,2023-01-25,20297,0001513162-23-000013,0001513162-23-000013,ok,full,0.0,,,,,0,0,0,0,0,0,
76661,0000874015,2023-03-09,88159,0000902664-23-002313,0000902664-23-002313,ok,full,0.0,,,,,0,0,0,0,0,0,
76752,0000876167,2022-02-22,88174,0001193805-22-000401,0001193805-22-000401,ok,full,0.0,,,,,0,0,0,0,0,0,
76908,0000876378,2022-09-27,85013,0001214659-22-011815,0001214659-22-011815,ok,full,0.0,,,,,0,0,0,0,0,0,
76798,0000876523,2022-07-21,90371,0001058854-22-000033,0001058854-22-000033,ok,full,0.0,,,,,0,0,0,0,0,0,
76795,0000877212,2024-11-06,87034,0001139032-25-000002,0001139032-25-000002,ok,full,0.0,,,,,0,0,0,0,0,0,
77165,0000880117,2024-04-30,20654,0000014693-24-000036,0000014693-24-000036,ok,full,0.0,,,,,0,0,0,0,0,0,
77175,0000880807,2022-05-12,20670,0000902664-22-003109,0000902664-22-003109,ok,full,0.0,,,,,0,0,0,0,0,0,
77175,0000880807,2024-12-13,16710,0000950170-24-139216,0000950170-24-139216,ok,full,0.0,,,,,0,0,0,0,0,0,
15491,0000882291,2022-07-26,15374,0001214659-22-009648,0001214659-22-009648,ok,full,0.0,,,,,0,0,0,0,0,0,
87364,0000882508,2021-12-31,86474,0001104659-22-002789,0001104659-22-002789,ok,full,0.0,,,,,0,0,0,0,0,0,
87364,0000882508,2024-06-21,19416,0001011438-24-000386,0001011438-24-000386,ok,full,0.0,,,,,0,0,0,0,0,0,
92871,0000883237,2022-01-26,15540,0001213900-22-005076,0001213900-22-005076,ok,full,0.0,,,,,0,0,0,0,0,0,
92871,0000883237,2023-02-09,15540,0001213900-23-009764,0001213900-23-009764,ok,full,0.0,,,,,0,0,0,0,0,0,
77437,0000883975,2022-09-07,83145,0001193125-22-247613,0001193125-22-247613,ok,full,0.0,,,,,0,0,0,0,0,0,
77437,0000883975,2023-05-02,22281,0001213900-23-045646,0001213900-23-045646,ok,full,0.0,,,,,0,0,0,0,0,0,
77505,0000884144,2023-06-16,21625,0000902664-23-003734,0000902664-23-003734,ok,full,0.0,,,,,0,0,0,0,0,0,
78091,0000885462,2022-03-11,20834,0000078003-22-000045,0000078003-22-000045,ok,full,0.0,,,,,0,0,0,0,0,0,
78091,0000885462,2022-06-21,72611,0001140361-22-024794,0001140361-22-024794,ok,full,0.0,,,,,0,0,0,0,0,0,
78091,0000885462,2024-03-26,18217,0001493152-24-013076,0001493152-24-013076,ok,full,0.0,,,,,0,0,0,0,0,0,
78091,0000885462,2024-04-22,15631,0000899140-24-000506,0000899140-24-000506,ok,full,0.0,,,,,0,0,0,0,0,0,
77902,0000887596,2023-02-01,21890,0001866581-23-000028,0001866581-23-000028,ok,full,0.0,,,,,0,0,0,0,0,0,
77918,0000889331,2022-10-10,17987,0001193805-22-001434,0001193805-22-001434,ok,full,0.0,,,,,0,0,0,0,0,0,
82215,0000890821,2024-09-24,22767,0001213900-24-084092,0001213900-24-084092,ok,full,0.0,,,,,0,0,0,0,0,0,
82215,0000890821,2024-10-07,20331,0001104659-24-108596,0001104659-24-108596,ok,full,0.0,,,,,0,0,0,0,0,0,
78841,0000894627,2022-08-31,14137,0001104659-22-099294,0001104659-22-099294,ok,full,0.0,,,,,0,0,0,0,1,1,2022-08-30
79037,0000896156,2023-08-22,86489,0001193805-23-001215,0001193805-23-001215,ok,full,0.0,,,,,0,0,0,0,0,0,
79108,0000897723,2024-06-06,16182,0001085146-24-002696,0001085146-24-002696,ok,full,0.0,,,,,0,0,0,0,0,0,
79210,0000898174,2024-12-09,23340,0001493152-24-049899,0001493152-24-049899,ok,full,0.0,,,,,0,0,0,0,0,0,
90285,0000899460,2022-01-25,10530,0000921895-22-000341,0000921895-22-000341,ok,full,0.0,,,,,0,0,0,0,0,0,
79299,0000901491,2023-08-08,13548,0001193805-23-001197,0001193805-23-001197,ok,full,0.0,,,,,0,0,0,0,0,0,
79249,0000902791,2023-08-23,19679,0001628280-23-031024,0001628280-23-031024,ok,full,0.0,,,,,0,0,0,0,0,0,
79249,0000902791,2024-03-25,21927,0001140361-24-017051,0001140361-24-017051,ok,full,0.0,,,,,0,0,0,0,0,0,
79248,0000903129,2021-12-28,92570,0001539497-22-000021,0001539497-22-000021,ok,full,0.0,,,,,0,0,0,0,0,0,
80539,0000906709,2024-03-06,13798,0001213900-24-025263,0001213900-24-025263,ok,full,0.0,,,,,0,0,0,0,0,0,
78664,0000910638,2022-02-22,88174,0001193805-22-000401,0001193805-22-000401,ok,full,0.0,,,,,0,0,0,0,0,0,
79702,0000911216,2023-08-21,22562,0001068238-23-000182,0001068238-23-000182,ok,full,0.0,,,,,0,0,0,0,0,0,
79702,0000911216,2024-12-13,15433,0001437749-24-038167,0001437749-24-038167,ok,full,0.0,,,,,0,0,0,0,0,0,
81728,0000912061,2024-06-26,61487,0001104659-24-075608,0001104659-24-075608,ok,full,0.0,,,,,0,0,0,0,0,0,
79881,0000912615,2024-04-22,57817,0001104659-24-051481,0001104659-24-051481,ok,full,0.0,,,,,0,0,0,0,0,0,
86092,0000913277,2022-05-19,17043,0001140361-22-021048,0001140361-22-021048,ok,full,0.0,,,,,0,0,0,0,0,0,
85725,0000913341,2024-02-28,89573,0001493152-24-008886,0001493152-24-008886,ok,full,0.0,,,,,0,0,0,0,0,0,
81254,0000913760,2023-02-09,15540,0001213900-23-009764,0001213900-23-009764,ok,full,0.0,,,,,0,0,0,0,0,0,
76052,0000914122,2022-04-01,83910,0001213900-22-018462,0001213900-22-018462,ok,full,0.0,,,,,0,0,0,0,0,0,
80050,0000914156,2022-04-20,13878,0000921895-22-001398,0000921895-22-001398,ok,full,0.0,,,,,0,0,0,0,0,0,
80050,0000914156,2022-09-23,78876,0001214659-22-011485,0001214659-22-011485,ok,full,0.0,,,,,0,0,0,0,0,0,
80274,0000915358,2022-09-20,92466,0000921895-22-002735,0000921895-22-002735,ok,full,0.0,,,,,0,0,0,0,0,0,
80274,0000915358,2023-06-26,19352,0001140361-23-033518,0001140361-23-033518,ok,full,0.0,,,,,0,0,0,0,0,0,
91421,0000917225,2022-03-15,17366,0001140361-22-010994,0001140361-22-010994,ok,full,0.0,,,,,0,0,0,0,0,0,
80432,0000919012,2024-04-22,57817,0001104659-24-051481,0001104659-24-051481,ok,full,0.0,,,,,0,0,0,0,0,0,
20288,0000922247,2022-01-10,20297,0001513162-22-000005,0001513162-22-000005,ok,full,0.0,,,,,0,0,0,0,0,0,
20288,0000922247,2022-09-30,15125,0001628280-22-030420,0001628280-22-030420,ok,full,0.0,,,,,0,0,0,0,0,0,
20288,0000922247,2023-05-29,20788,0000897069-23-000695,0000897069-23-000695,ok,full,0.0,,,,,0,0,0,0,0,0,
80828,0000924822,2022-11-11,19224,0001085146-22-004149,0001085146-22-004149,ok,full,0.0,,,,,0,0,0,0,0,0,
80828,0000924822,2024-08-12,39220,0000807249-24-000095,0000807249-24-000095,ok,full,0.0,,,,,0,0,0,0,0,0,
89110,0000926326,2023-09-08,81241,0001104659-23-100860,0001104659-23-100860,ok,full,0.0,,,,,0,0,0,0,0,0,
82213,0000930236,2023-09-27,14566,0001104659-23-107787,0001104659-23-107787,ok,full,0.0,,,,,0,0,0,0,0,0,
75182,0000931015,2023-02-08,76081,0001085146-23-000831,0001085146-23-000831,ok,full,0.0,,,,,0,0,0,0,0,0,
89643,0000932781,2022-02-15,88341,0000897069-22-000124,0000897069-22-000124,ok,full,0.0,,,,,0,0,0,0,0,0,
89643,0000932781,2023-06-01,88984,0001137547-23-000062,0001137547-23-000062,ok,full,0.0,,,,,0,0,0,0,0,0,
81282,0000935036,2022-09-26,90276,0001140361-22-035866,0001140361-22-035866,ok,full,0.0,,,,,0,0,0,0,0,0,
83272,0000940942,2022-01-27,16631,0001193805-22-000143,0001193805-22-000143,ok,full,0.0,,,,,0,0,0,0,0,0,
81584,0000944148,2024-05-13,21121,0000950142-24-001384,0000950142-24-001384,ok,full,1.0,2024-09-03,PREM14A,A,0001193125-24-212184,2,0,0,1,0,0,
82639,0001000298,2023-04-22,13700,0001193805-23-000737,0001193805-23-000737,ok,full,0.0,,,,,0,0,0,0,1,1,2022-08-29
85567,0001001115,2022-06-21,17898,0001058854-22-000031,0001058854-22-000031,ok,full,0.0,,,,,0,0,0,0,0,0,
85567,0001001115,2022-09-27,85013,0001214659-22-011815,0001214659-22-011815,ok,full,0.0,,,,,0,0,0,0,0,0,
82812,0001001171,2024-10-29,24471,0000921895-24-002467,0000921895-24-002467,ok,full,0.0,,,,,0,0,0,0,0,1,2021-04-05
88988,0001005731,2024-04-01,88742,0001493152-24-013789,0001493152-24-013789,ok,full,0.0,,,,,0,0,0,0,0,0,
86080,0001006281,2023-03-16,91279,0001437749-23-007913,0001437749-23-007913,ok,full,0.0,,,,,0,0,0,0,0,0,
86080,0001006281,2024-06-14,18559,0001104659-24-071864,0001104659-24-071864,ok,full,0.0,,,,,0,0,0,0,0,0,
90679,0001007019,2022-03-10,92449,0000902664-22-002243,0000902664-22-002243,ok,full,0.0,,,,,0,0,0,0,0,0,
90679,0001007019,2024-08-05,10044,0001214659-24-015452,0001214659-24-015452,ok,full,0.0,,,,,0,0,0,0,1,1,2024-06-24
90679,0001007019,2024-10-14,23998,0000897069-24-001972,0000897069-24-001972,ok,full,0.0,,,,,0,0,0,0,1,1,2024-06-24
83916,0001013880,2022-12-08,20195,0001193125-22-307453,0001193125-22-307453,ok,full,0.0,,,,,0,0,0,0,0,0,
83844,0001015739,2023-03-30,31668,0001214659-23-004528,0001214659-23-004528,ok,full,0.0,,,,,0,0,0,0,0,0,
83844,0001015739,2023-05-08,18306,0001213900-23-049686,0001213900-23-049686,ok,full,0.0,,,,,0,0,0,0,0,0,
83844,0001015739,2023-07-24,87508,0001493152-23-025513,0001493152-23-025513,ok,full,0.0,,,,,0,0,0,0,0,0,
83969,0001018164,2022-01-27,37402,0000921895-22-000291,0000921895-22-000291,ok,full,0.0,,,,,0,0,0,0,0,0,
84413,0001020214,2024-03-05,22220,0001193805-24-000342,0001193805-24-000342,ok,full,0.0,,,,,0,0,0,0,0,0,
84041,0001021162,2024-04-01,63132,0001493152-24-013403,0001493152-24-013403,ok,full,1.0,2025-03-06,PREM14A,A,0001140361-25-007456,2,0,0,1,0,0,
84203,0001021270,2022-07-19,14258,0001013594-22-000528,0001013594-22-000528,ok,full,1.0,2022-08-09,SC 14D9,A,0001193125-22-215618,6,0,0,1,0,0,
85040,0001023459,2022-04-11,21353,0001193125-22-113123,0001193125-22-113123,ok,full,0.0,,,,,0,0,0,0,0,0,
85040,0001023459,2023-02-10,17382,0000921895-23-000588,0000921895-23-000588,ok,full,0.0,,,,,0,0,0,0,0,0,
84438,0001024795,2024-10-07,92029,0000902664-24-005842,0000902664-24-005842,ok,full,0.0,,,,,0,0,0,0,0,0,
16186,0001027838,2024-10-30,41188,0001214659-24-018485,0001214659-24-018485,ok,full,0.0,,,,,0,0,0,0,0,0,
15912,0001031235,2022-12-19,87084,0000921895-22-003278,0000921895-22-003278,ok,full,0.0,,,,,0,0,0,0,0,0,
84656,0001034670,2023-02-08,76081,0001085146-23-000831,0001085146-23-000831,ok,full,0.0,,,,,0,0,0,0,0,0,
88810,0001034842,2022-11-10,13870,0001104659-22-117058,0001104659-22-117058,ok,full,0.0,,,,,0,0,0,0,0,0,
88810,0001034842,2023-07-19,18377,0001072613-23-000402,0001072613-23-000402,ok,full,0.0,,,,,0,0,0,0,0,0,
16436,0001037676,2022-11-21,18224,0000921895-22-003146,0000921895-22-003146,ok,full,0.0,,,,,0,0,0,0,0,0,
87812,0001038074,2024-06-06,16182,0001085146-24-002696,0001085146-24-002696,ok,full,0.0,,,,,0,0,0,0,0,1,2021-08-02
88260,0001040161,2021-11-30,34673,0000921895-22-000398,0000921895-22-000398,ok,full,0.0,,,,,0,0,0,0,0,0,
88260,0001040161,2022-06-01,16308,0000921895-22-001859,0000921895-22-001859,ok,full,0.0,,,,,0,0,0,0,0,0,
88260,0001040161,2024-12-04,79903,0000921895-24-002895,0000921895-24-002895,ok,full,1.0,2025-10-17,PREM14A,A,0001193125-25-242574,2,0,0,0,0,0,
87439,0001040896,2022-05-06,87302,0001477932-22-003302,0001477932-22-003302,ok,full,0.0,,,,,0,0,0,0,0,0,
87439,0001040896,2023-08-31,19797,0001628280-23-032277,0001628280-23-032277,ok,full,0.0,,,,,0,0,0,0,0,0,
85744,0001041024,2022-01-10,20297,0001513162-22-000005,0001513162-22-000005,ok,full,0.0,,,,,0,0,0,0,0,0,
85744,0001041024,2022-06-24,16681,0000921895-22-002146,0000921895-22-002146,ok,full,0.0,,,,,0,0,0,0,0,0,
86916,0001041657,2023-07-21,18046,0000897069-23-001029,0000897069-23-001029,ok,full,0.0,,,,,0,0,0,0,0,0,
88372,0001041657,2023-08-21,23014,0001104659-23-093833,0001104659-23-093833,ok,full,0.0,,,,,0,0,0,0,0,0,
85627,0001043509,2023-05-16,86128,0001213900-23-043557,0001213900-23-043557,ok,full,0.0,,,,,0,0,0,0,0,0,
88471,0001043961,2023-02-09,22252,0001140361-23-005544,0001140361-23-005544,ok,full,0.0,,,,,0,0,0,0,0,0,
92557,0001045742,2024-10-21,89449,0001140361-24-044419,0001140361-24-044419,ok,full,0.0,,,,,0,0,0,0,0,0,
85731,0001046025,2023-08-15,17093,0001104659-23-093361,0001104659-23-093361,ok,full,0.0,,,,,0,0,0,0,0,0,
86778,0001049502,2022-08-10,92220,0000914121-22-004079,0000914121-22-004079,ok,full,0.0,,,,,0,0,0,0,0,0,
87318,0001050441,2023-08-15,17093,0001104659-23-093361,0001104659-23-093361,ok,full,0.0,,,,,0,0,0,0,0,0,
86051,0001051627,2023-06-21,78915,0001193805-23-000935,0001193805-23-000935,ok,full,0.0,,,,,0,0,0,0,0,0,
86026,0001054905,2024-03-28,19585,0001104659-24-041578,0001104659-24-041578,ok,full,0.0,,,,,0,0,0,0,0,0,
85935,0001055160,2023-05-10,13537,0001104659-23-058700,0001104659-23-058700,ok,full,0.0,,,,,0,0,0,0,0,0,
86444,0001055726,2023-01-25,11636,0000921895-23-000284,0000921895-23-000284,ok,full,0.0,,,,,0,0,0,0,0,0,
86728,0001056358,2022-12-20,92468,0001213900-23-000847,0001213900-23-000847,ok,full,0.0,,,,,0,0,0,0,0,1,2021-05-27
14603,0001069899,2023-01-25,11636,0000921895-23-000284,0000921895-23-000284,ok,full,0.0,,,,,0,0,0,0,0,0,
13967,0001070081,2022-03-28,16044,0000902664-22-002457,0000902664-22-002457,ok,full,0.0,,,,,0,0,0,0,0,0,
86573,0001070296,2022-11-08,92807,0000921895-22-003096,0000921895-22-003096,ok,full,0.0,,,,,0,0,0,0,0,0,
22783,0001074871,2022-07-01,12078,0000897101-22-000685,0000897101-22-000685,ok,full,0.0,,,,,0,0,0,0,0,0,
22783,0001074871,2024-03-25,89891,0001140361-24-016912,0001140361-24-016912,ok,full,0.0,,,,,0,0,0,0,0,0,
90539,0001076682,2022-12-13,14874,0000921895-22-003273,0000921895-22-003273,ok,full,0.0,,,,,0,0,0,0,0,0,
90539,0001076682,2023-02-06,16393,0000897069-23-000114,0000897069-23-000114,ok,full,0.0,,,,,0,0,0,0,0,0,
86822,0001078271,2022-06-13,85424,0000807249-22-000074,0000807249-22-000074,ok,full,0.0,,,,,0,0,0,0,0,0,
86822,0001078271,2023-09-08,81241,0001104659-23-100860,0001104659-23-100860,ok,full,0.0,,,,,0,0,0,0,0,0,
86887,0001080340,2022-12-19,87084,0000921895-22-003278,0000921895-22-003278,ok,full,0.0,,,,,0,0,0,0,0,0,
23372,0001081745,2023-05-08,18306,0001213900-23-049686,0001213900-23-049686,ok,full,0.0,,,,,0,0,0,0,0,0,
88626,0001082038,2022-07-14,20630,0001193805-22-001110,0001193805-22-001110,ok,full,0.0,,,,,0,0,0,0,0,0,
88626,0001082038,2024-03-25,17358,0000902664-24-002747,0000902664-24-002747,ok,full,0.0,,,,,0,0,0,0,0,0,
87075,0001084048,2023-05-26,21297,0001104659-23-065438,0001104659-23-065438,ok,full,0.0,,,,,0,0,0,0,0,0,
93083,0001084554,2024-10-01,17889,0001214659-24-017295,0001214659-24-017295,ok,full,0.0,,,,,0,0,0,0,0,0,
87162,0001084869,2022-07-21,90371,0001058854-22-000033,0001058854-22-000033,ok,full,0.0,,,,,0,0,0,0,0,0,
17373,0001085243,2023-04-06,85539,0001973064-23-000001,0001973064-23-000001,ok,full,0.0,,,,,0,0,0,0,0,0,
93004,0001087294,2022-05-31,15542,0001104659-22-070134,0001104659-22-070134,ok,full,0.0,,,,,0,0,0,0,0,0,
87753,0001088034,2022-11-08,92807,0000921895-22-003096,0000921895-22-003096,ok,full,0.0,,,,,0,0,0,0,0,0,
90125,0001088856,2022-03-28,16044,0000902664-22-002457,0000902664-22-002457,ok,full,0.0,,,,,0,0,0,0,0,0,
89540,0001089063,2022-11-30,64282,0000899140-22-000826,0000899140-22-000826,ok,full,0.0,,,,,0,0,0,0,0,0,
87464,0001093082,2022-01-27,37402,0000921895-22-000291,0000921895-22-000291,ok,full,1.0,2022-03-21,8-K,A,0001193125-22-080630,5,0,0,0,0,0,
16472,0001094038,2023-08-16,16681,0000921895-23-002063,0000921895-23-002063,ok,full,0.0,,,,,0,0,0,0,0,0,
87487,0001094831,2022-01-26,15540,0001213900-22-005076,0001213900-22-005076,ok,full,0.0,,,,,0,0,0,0,0,0,
87510,0001095315,2021-11-30,34673,0000921895-22-000398,0000921895-22-000398,ok,full,0.0,,,,,0,0,0,0,0,0,
87510,0001095315,2022-08-23,15087,0001213900-22-051125,0001213900-22-051125,ok,full,0.0,,,,,0,0,0,0,0,0,
89002,0001101215,2022-02-28,66325,0000921895-22-000821,0000921895-22-000821,ok,full,0.0,,,,,0,0,0,0,0,0,
55597,0001104657,2022-08-12,46463,0001193805-22-001168,0001193805-22-001168,ok,full,0.0,,,,,0,0,0,0,0,0,
93016,0001106644,2023-08-22,13965,0001213900-23-072694,0001213900-23-072694,ok,full,0.0,,,,,0,0,0,0,0,0,
93016,0001106644,2024-05-23,14419,0001683168-24-003883,0001683168-24-003883,ok,full,0.0,,,,,0,0,0,0,0,0,
88511,0001108205,2023-03-14,16570,0001214659-23-003818,0001214659-23-003818,ok,full,0.0,,,,,0,0,0,0,0,0,
88511,0001108205,2023-05-11,15433,0000921895-23-001309,0000921895-23-001309,ok,full,0.0,,,,,0,0,0,0,0,0,
88511,0001108205,2024-10-01,17889,0001214659-24-017295,0001214659-24-017295,ok,full,0.0,,,,,0,0,0,0,0,0,
88319,0001111335,2023-02-08,76081,0001085146-23-000831,0001085146-23-000831,ok,full,0.0,,,,,0,0,0,0,0,0,
93266,0001117297,2022-11-29,22115,0000950142-22-003329,0000950142-22-003329,ok,full,0.0,,,,,0,0,0,0,0,0,
93266,0001117297,2023-05-25,85177,0001085146-23-002486,0001085146-23-002486,ok,full,0.0,,,,,0,0,0,0,0,0,
13816,0001118417,2022-04-11,21353,0001193125-22-113123,0001193125-22-113123,ok,full,0.0,,,,,0,0,0,0,0,0,
13816,0001118417,2024-03-25,21927,0001140361-24-017051,0001140361-24-017051,ok,full,1.0,2024-04-08,8-K,A,0001193125-24-089150,4,0,0,0,0,0,
89044,0001120914,2022-11-29,22115,0000950142-22-003329,0000950142-22-003329,ok,full,0.0,,,,,0,0,0,0,0,0,
88897,0001121484,2022-11-14,24459,0001193805-22-001587,0001193805-22-001587,ok,full,0.0,,,,,0,0,0,0,0,0,
89800,0001122904,2022-11-14,24459,0001193805-22-001587,0001193805-22-001587,ok,full,0.0,,,,,0,0,0,0,0,0,
89800,0001122904,2023-05-29,17045,0001193805-23-000851,0001193805-23-000851,ok,full,0.0,,,,,0,0,0,0,0,0,
90470,0001132651,2023-05-05,15539,0001104659-23-060964,0001104659-23-060964,ok,full,0.0,,,,,0,0,0,0,0,0,
89941,0001133311,2022-03-21,21829,0001213900-22-022355,0001213900-22-022355,ok,full,0.0,,,,,0,0,0,0,0,0,
89941,0001133311,2023-03-03,26084,0001815572-23-000003,0001815572-23-000003,ok,full,0.0,,,,,0,0,0,0,0,0,
89941,0001133311,2024-08-09,89387,0001665159-24-000001,0001665159-24-000001,ok,full,0.0,,,,,0,0,0,0,0,0,
92686,0001133869,2022-11-09,14452,0000921895-22-003092,0000921895-22-003092,ok,full,0.0,,,,,0,0,0,0,0,0,
89215,0001142750,2022-03-07,18141,0000902664-22-002198,0000902664-22-002198,ok,full,0.0,,,,,0,0,0,0,0,0,
14599,0001145255,2023-05-18,53373,0001213900-23-044009,0001213900-23-044009,ok,full,0.0,,,,,0,0,0,0,0,0,
14145,0001158114,2022-04-01,84607,0001062993-22-010017,0001062993-22-010017,ok,full,0.0,,,,,0,0,0,0,0,0,
14145,0001158114,2022-09-20,92466,0000921895-22-002735,0000921895-22-002735,ok,full,0.0,,,,,0,0,0,0,0,0,
14145,0001158114,2024-12-13,16710,0000950170-24-139216,0000950170-24-139216,ok,full,0.0,,,,,0,0,0,0,0,0,
89297,0001158324,2023-05-26,21297,0001104659-23-065438,0001104659-23-065438,ok,full,0.0,,,,,0,0,0,0,0,0,
91503,0001158895,2022-09-23,78876,0001214659-22-011485,0001214659-22-011485,ok,full,0.0,,,,,0,0,0,0,0,0,
90971,0001159167,2023-09-15,81621,0000921895-23-002203,0000921895-23-002203,ok,full,1.0,2024-01-29,8-K,A,0001193125-24-017523,1,0,0,0,1,1,2023-08-24
50789,0001161728,2024-11-14,21619,0001213900-24-111891,0001213900-24-111891,ok,full,0.0,,,,,0,0,0,0,0,0,
90710,0001168455,2023-01-19,17178,0000921895-23-000149,0000921895-23-000149,ok,full,0.0,,,,,0,0,0,0,0,1,2021-03-11
90710,0001168455,2024-12-10,83565,0000904853-24-000009,0000904853-24-000009,ok,full,,,,,,0,0,1,2,0,1,2021-03-11
91463,0001169561,2024-02-13,21617,0000921895-24-000526,0000921895-24-000526,ok,full,0.0,,,,,0,0,0,0,0,0,
89572,0001173489,2022-11-10,88203,0001493152-22-033146,0001493152-22-033146,ok,full,0.0,,,,,0,0,0,0,0,0,
15127,0001175151,2022-01-27,88564,0001493152-22-003197,0001493152-22-003197,ok,full,0.0,,,,,0,0,0,0,0,0,
15127,0001175151,2022-06-21,17898,0001058854-22-000031,0001058854-22-000031,ok,full,0.0,,,,,0,0,0,0,0,0,
15127,0001175151,2023-08-31,21933,0000902664-23-004716,0000902664-23-004716,ok,full,0.0,,,,,0,0,0,0,0,0,
13825,0001177648,2022-01-25,10530,0000921895-22-000341,0000921895-22-000341,ok,full,0.0,,,,,0,0,0,0,0,0,
13825,0001177648,2022-05-18,19356,0000902664-22-003160,0000902664-22-003160,ok,full,0.0,,,,,0,0,0,0,0,0,
90604,0001183765,2023-01-25,20297,0001513162-23-000013,0001513162-23-000013,ok,full,0.0,,,,,0,0,0,0,0,0,
90604,0001183765,2023-08-08,20588,0001104659-23-093555,0001104659-23-093555,ok,full,0.0,,,,,0,0,0,0,0,0,
90604,0001183765,2024-03-15,18419,0001193805-24-000439,0001193805-24-000439,ok,full,0.0,,,,,0,0,0,0,0,0,
22537,0001187953,2022-05-19,18855,0001068238-22-000140,0001068238-22-000140,ok,full,0.0,,,,,0,0,0,0,0,0,
22537,0001187953,2024-09-20,14158,0001104659-24-101777,0001104659-24-101777,ok,full,0.0,,,,,0,0,0,0,0,0,
18899,0001196298,2024-09-05,21263,0001193805-24-001111,0001193805-24-001111,ok,full,0.0,,,,,0,0,0,0,0,0,
18899,0001196298,2024-11-12,24087,0001622627-24-000064,0001622627-24-000064,ok,full,0.0,,,,,0,0,0,0,0,0,
21352,0001210677,2022-12-08,20195,0001193125-22-307453,0001193125-22-307453,ok,full,0.0,,,,,0,0,0,0,0,0,
13411,0001213037,2021-12-13,20318,0001104659-22-008244,0001104659-22-008244,ok,full,0.0,,,,,0,0,0,0,0,0,
13411,0001213037,2022-06-01,17134,0000921895-22-001894,0000921895-22-001894,ok,full,0.0,,,,,0,0,0,0,0,0,
13411,0001213037,2023-02-13,90400,0001213900-23-010961,0001213900-23-010961,ok,full,0.0,,,,,0,0,0,0,0,0,
90682,0001213809,2022-09-28,19628,0000902664-22-004509,0000902664-22-004509,ok,full,0.0,,,,,0,0,0,0,0,0,
90682,0001213809,2023-08-08,20588,0001104659-23-093555,0001104659-23-093555,ok,full,0.0,,,,,0,0,0,0,0,0,
90682,0001213809,2024-10-14,24814,0001520138-24-000357,0001520138-24-000357,ok,full,0.0,,,,,0,0,0,0,0,0,
91015,0001228454,2022-12-31,58836,0001587987-23-000044,0001587987-23-000044,ok,full,0.0,,,,,0,0,0,0,0,0,
23670,0001231457,2024-06-14,18559,0001104659-24-071864,0001104659-24-071864,ok,full,0.0,,,,,0,0,0,0,0,0,
13648,0001251769,2022-06-21,17898,0001058854-22-000031,0001058854-22-000031,ok,full,1.0,2022-11-30,8-K,A,0001193125-22-294815,4,0,0,0,0,0,
17685,0001261333,2022-04-04,14295,0001104659-22-042863,0001104659-22-042863,ok,full,0.0,,,,,0,0,0,0,0,0,
17685,0001261333,2022-09-29,18771,0000908834-22-000119,0000908834-22-000119,ok,full,0.0,,,,,0,0,0,0,0,0,
16247,0001272842,2023-08-20,20312,0001213900-23-071415,0001213900-23-071415,ok,full,0.0,,,,,0,0,0,0,0,0,
90097,0001275014,2023-07-21,82542,0001389404-23-000004,0001389404-23-000004,ok,full,0.0,,,,,0,0,0,0,0,0,
13198,0001275101,2024-04-18,92807,0001437749-24-012669,0001437749-24-012669,ok,full,0.0,,,,,0,0,0,0,0,0,
13198,0001275101,2024-10-29,24471,0000921895-24-002467,0000921895-24-002467,ok,full,0.0,,,,,0,0,0,0,0,0,
90179,0001275187,2022-09-23,78876,0001214659-22-011485,0001214659-22-011485,ok,full,0.0,,,,,0,0,0,0,0,0,
90179,0001275187,2023-08-09,79150,0000902664-23-004496,0000902664-23-004496,ok,full,0.0,,,,,0,0,0,0,0,0,
90454,0001278021,2022-01-01,12591,0000950142-22-000248,0000950142-22-000248,ok,full,0.0,,,,,0,0,0,0,0,0,
90454,0001278021,2022-05-02,21723,0001140361-22-018827,0001140361-22-018827,ok,full,0.0,,,,,0,0,0,0,0,0,
91977,0001278027,2024-04-30,20654,0000014693-24-000036,0000014693-24-000036,ok,full,0.0,,,,,0,0,0,0,0,0,
14862,0001279704,2023-08-14,15646,0001140361-23-041175,0001140361-23-041175,ok,full,0.0,,,,,0,0,0,0,0,0,
14615,0001280776,2024-03-06,13798,0001213900-24-025263,0001213900-24-025263,ok,full,0.0,,,,,0,0,0,0,0,0,
18806,0001285550,2022-07-11,20581,0001214659-22-009064,0001214659-22-009064,ok,full,0.0,,,,,0,0,0,0,0,0,
93085,0001285819,2022-09-21,17948,0001072613-22-000578,0001072613-22-000578,ok,full,0.0,,,,,0,0,0,0,0,0,
89741,0001288855,2024-04-18,92807,0001437749-24-012669,0001437749-24-012669,ok,full,0.0,,,,,0,0,0,0,0,0,
14548,0001289636,2022-04-01,83910,0001213900-22-018462,0001213900-22-018462,ok,full,0.0,,,,,0,0,0,0,0,0,
90288,0001289850,2022-11-09,15016,0001140361-22-041635,0001140361-22-041635,ok,full,0.0,,,,,0,0,0,0,0,0,
15507,0001290149,2022-03-21,20662,0000935836-22-000298,0000935836-22-000298,ok,full,1.0,2022-04-13,8-K,A,0001193125-22-103561,4,0,0,0,0,0,
13947,0001293971,2022-02-23,14707,0000921895-22-000790,0000921895-22-000790,ok,full,0.0,,,,,0,0,0,0,0,0,
14459,0001294133,2024-10-30,41188,0001214659-24-018485,0001214659-24-018485,ok,full,0.0,,,,,0,0,0,0,0,0,
91500,0001297989,2024-02-13,21617,0000921895-24-000526,0000921895-24-000526,ok,full,0.0,,,,,0,0,0,0,0,0,
90548,0001305168,2024-08-19,20336,0001214659-24-014893,0001214659-24-014893,ok,full,1.0,2024-08-28,8-K,A,0001628280-24-038612,4,0,0,1,0,0,
15496,0001305773,2022-06-07,19082,0001493152-22-016439,0001493152-22-016439,ok,full,0.0,,,,,0,0,0,0,0,0,
15496,0001305773,2022-09-07,83145,0001193125-22-247613,0001193125-22-247613,ok,full,1.0,2023-06-23,8-K,A,0001305773-23-000032,4,0,0,0,0,0,
15496,0001305773,2023-05-02,22281,0001213900-23-045646,0001213900-23-045646,ok,full,1.0,2023-06-23,8-K,A,0001305773-23-000032,4,0,0,0,0,0,
13260,0001313275,2023-08-03,16999,0001213900-23-066230,0001213900-23-066230,ok,full,0.0,,,,,0,0,0,0,0,0,
20648,0001315098,2022-04-04,14295,0001104659-22-042863,0001104659-22-042863,ok,full,0.0,,,,,0,0,0,0,0,0,
91395,0001318641,2022-12-13,14874,0000921895-22-003273,0000921895-22-003273,ok,full,0.0,,,,,0,0,0,0,0,0,
14185,0001320461,2023-10-04,21002,0001193805-23-001392,0001193805-23-001392,ok,full,0.0,,,,,0,0,0,0,0,0,
19788,0001321655,2022-04-04,14295,0001104659-22-042863,0001104659-22-042863,ok,full,0.0,,,,,0,0,0,0,0,0,
14807,0001325618,2022-04-20,13878,0000921895-22-001398,0000921895-22-001398,ok,full,0.0,,,,,0,0,0,0,0,0,
93301,0001325879,2022-07-05,16104,0000947871-22-000750,0000947871-22-000750,ok,full,1.0,2022-10-18,8-K,A,0001193125-22-264065,4,0,0,0,0,0,
90926,0001326190,2022-02-23,14707,0000921895-22-000790,0000921895-22-000790,ok,full,0.0,,,,,0,0,0,0,0,0,
17041,0001326706,2024-08-30,18089,0001654954-24-011641,0001654954-24-011641,ok,full,,,,,,0,0,1,1,0,0,
17970,0001327607,2024-03-18,22302,0000897069-24-000736,0000897069-24-000736,ok,full,0.0,,,,,0,0,0,0,0,0,
15582,0001327688,2024-11-22,17343,0001213900-24-102372,0001213900-24-102372,ok,full,0.0,,,,,0,0,0,0,0,0,
90925,0001331875,2024-12-09,23340,0001493152-24-049899,0001493152-24-049899,ok,full,0.0,,,,,0,0,0,0,0,0,
16819,0001334325,2023-06-09,84184,0001104659-23-072981,0001104659-23-072981,ok,full,0.0,,,,,0,0,0,0,0,0,
16819,0001334325,2023-08-31,21933,0000902664-23-004716,0000902664-23-004716,ok,full,0.0,,,,,0,0,0,0,0,0,
12452,0001337013,2022-08-09,22220,0001213900-22-049682,0001213900-22-049682,ok,full,0.0,,,,,0,0,0,0,0,0,
91083,0001337068,2022-03-22,18554,0001437749-22-007518,0001437749-22-007518,ok,full,0.0,,,,,0,0,0,0,0,0,
14238,0001337553,2022-04-12,16668,0001104659-22-049068,0001104659-22-049068,ok,full,1.0,2022-09-21,PREM14A,A,0001140361-22-034303,3,0,0,1,0,0,
15378,0001339970,2023-07-19,18377,0001072613-23-000402,0001072613-23-000402,ok,full,0.0,,,,,0,0,0,0,0,0,
15378,0001339970,2024-12-13,19939,0001373604-24-000114,0001373604-24-000114,ok,full,0.0,,,,,0,0,0,0,0,0,
93263,0001341766,2024-10-11,16431,0001104659-24-109740,0001104659-24-109740,ok,full,0.0,,,,,0,0,0,0,0,0,
91186,0001347178,2023-01-25,11636,0000921895-23-000284,0000921895-23-000284,ok,full,0.0,,,,,0,0,0,0,0,0,
91234,0001350593,2022-08-12,46463,0001193805-22-001168,0001193805-22-001168,ok,full,0.0,,,,,0,0,0,0,0,0,
16805,0001351636,2022-07-19,21737,0001140361-22-027287,0001140361-22-027287,ok,full,0.0,,,,,0,0,0,0,0,0,
16805,0001351636,2023-05-09,90989,0000921895-23-001235,0000921895-23-001235,ok,full,0.0,,,,,0,0,0,0,0,0,
14072,0001356090,2022-07-05,16104,0000947871-22-000750,0000947871-22-000750,ok,full,0.0,,,,,0,0,0,0,0,0,
13410,0001356576,2024-03-28,19585,0001104659-24-041578,0001104659-24-041578,ok,full,0.0,,,,,0,0,0,0,0,0,
18458,0001357874,2022-07-07,19544,0000895345-22-000552,0000895345-22-000552,ok,full,0.0,,,,,0,0,0,0,0,0,
18458,0001357874,2023-03-16,91279,0001437749-23-007913,0001437749-23-007913,ok,full,0.0,,,,,0,0,0,0,0,0,
18458,0001357874,2024-10-01,17889,0001214659-24-017295,0001214659-24-017295,ok,full,0.0,,,,,0,0,0,0,0,0,
13796,0001360214,2023-07-28,49488,0001140361-23-038327,0001140361-23-038327,ok,full,0.0,,,,,0,0,0,0,0,0,
21116,0001360565,2023-08-31,19797,0001628280-23-032277,0001628280-23-032277,ok,full,0.0,,,,,0,0,0,0,0,0,
18098,0001362190,2023-08-31,19797,0001628280-23-032277,0001628280-23-032277,ok,full,0.0,,,,,0,0,0,0,0,0,
91575,0001364479,2023-05-25,14136,0001085146-23-002488,0001085146-23-002488,ok,full,0.0,,,,,0,0,0,0,0,0,
91742,0001367083,2022-07-26,15374,0001214659-22-009648,0001214659-22-009648,ok,full,0.0,,,,,0,0,0,0,0,0,
91571,0001367644,2024-02-12,14456,0001104659-24-024047,0001104659-24-024047,ok,full,0.0,,,,,0,0,0,0,0,0,
14451,0001367920,2022-09-21,17948,0001072613-22-000578,0001072613-22-000578,ok,full,1.0,2023-01-19,SC TO-C,A+B,0000950103-23-000746,7,0,0,0,0,0,
92035,0001368265,2022-10-16,20246,0001104659-22-111608,0001104659-22-111608,ok,full,0.0,,,,,0,0,0,0,0,0,
91683,0001368458,2022-05-18,89394,0000921895-22-001834,0000921895-22-001834,ok,full,0.0,,,,,0,0,0,0,0,0,
15291,0001370637,2022-09-29,18771,0000908834-22-000119,0000908834-22-000119,ok,full,0.0,,,,,0,0,0,0,0,0,
15132,0001372299,2023-09-27,13962,0001140361-23-045575,0001140361-23-045575,ok,full,0.0,,,,,0,0,0,0,0,0,
15510,0001372514,2022-06-02,91086,0000902664-22-003257,0000902664-22-003257,ok,full,0.0,,,,,0,0,0,0,0,0,
15510,0001372514,2024-02-27,15542,0001104659-24-031033,0001104659-24-031033,ok,full,0.0,,,,,0,0,0,0,0,0,
15510,0001372514,2024-06-26,16824,0001104659-24-076281,0001104659-24-076281,ok,full,0.0,,,,,0,0,0,0,0,0,
93429,0001374310,2022-05-02,21723,0001140361-22-018827,0001140361-22-018827,ok,full,0.0,,,,,0,0,0,0,0,0,
14711,0001374690,2023-10-04,12577,0001140361-23-048351,0001140361-23-048351,ok,full,0.0,,,,,0,0,0,0,0,0,
14133,0001379006,2024-02-27,15542,0001104659-24-031033,0001104659-24-031033,ok,full,0.0,,,,,0,0,0,0,0,0,
14133,0001379006,2024-06-26,16824,0001104659-24-076281,0001104659-24-076281,ok,full,0.0,,,,,0,0,0,0,0,0,
14133,0001379006,2024-12-13,15433,0001437749-24-038167,0001437749-24-038167,ok,full,0.0,,,,,0,0,0,0,0,0,
19249,0001382574,2022-09-30,15125,0001628280-22-030420,0001628280-22-030420,ok,full,,,,,,0,0,1,2,0,0,
19249,0001382574,2023-06-14,16473,0001213900-23-049318,0001213900-23-049318,ok,full,,,,,,0,0,1,2,0,0,
19249,0001382574,2024-06-26,16824,0001104659-24-076281,0001104659-24-076281,ok,full,,,,,,0,0,1,1,0,0,
14046,0001383701,2022-06-02,91086,0000902664-22-003257,0000902664-22-003257,ok,full,0.0,,,,,0,0,0,0,0,0,
14046,0001383701,2023-02-06,16393,0000897069-23-000114,0000897069-23-000114,ok,full,0.0,,,,,0,0,0,0,0,0,
16007,0001386570,2022-12-12,23065,0001493152-22-036342,0001493152-22-036342,ok,full,0.0,,,,,0,0,0,0,0,0,
16007,0001386570,2023-10-02,19969,0000895345-23-000577,0000895345-23-000577,ok,full,0.0,,,,,0,0,0,0,0,0,
13812,0001389002,2022-07-22,16173,0001013594-22-000547,0001013594-22-000547,ok,full,0.0,,,,,0,0,0,0,0,0,
13812,0001389002,2024-03-31,81869,0000944480-24-000039,0000944480-24-000039,ok,full,0.0,,,,,0,0,0,0,0,0,
13812,0001389002,2024-10-29,18413,0001213900-24-093566,0001213900-24-093566,ok,full,0.0,,,,,0,0,0,0,0,0,
92594,0001390478,2024-05-15,14991,0001104659-24-064358,0001104659-24-064358,ok,full,0.0,,,,,0,0,0,0,0,0,
22344,0001392694,2023-07-21,18046,0000897069-23-001029,0000897069-23-001029,ok,full,0.0,,,,,0,0,0,0,0,0,
92143,0001392972,2024-08-30,16630,0000921895-24-002101,0000921895-24-002101,ok,full,0.0,,,,,0,0,0,0,0,0,
92108,0001393818,2024-11-01,12591,0000950142-24-002712,0000950142-24-002712,ok,full,0.0,,,,,0,0,0,0,0,0,
92172,0001393883,2023-04-14,87227,0000921895-23-000931,0000921895-23-000931,ok,full,0.0,,,,,0,0,0,0,0,0,
92172,0001393883,2024-04-18,22610,0000902664-24-003017,0000902664-24-003017,ok,full,0.0,,,,,0,0,0,0,0,0,
19232,0001396536,2023-05-08,18306,0001213900-23-049686,0001213900-23-049686,ok,full,0.0,,,,,0,0,0,0,0,0,
19232,0001396536,2023-08-08,46834,0001062993-23-016502,0001062993-23-016502,ok,full,0.0,,,,,0,0,0,0,0,0,
16458,0001397047,2023-03-30,31668,0001214659-23-004528,0001214659-23-004528,ok,full,0.0,,,,,0,0,0,0,0,0,
23033,0001397183,2024-02-27,20726,0001594543-24-000003,0001594543-24-000003,ok,full,0.0,,,,,0,0,0,0,0,0,
17955,0001398733,2022-06-01,17134,0000921895-22-001894,0000921895-22-001894,ok,full,0.0,,,,,0,0,0,0,0,0,
17955,0001398733,2023-03-14,16570,0001214659-23-003818,0001214659-23-003818,ok,full,0.0,,,,,0,0,0,0,0,0,
13621,0001401667,2022-07-07,19544,0000895345-22-000552,0000895345-22-000552,ok,full,0.0,,,,,0,0,0,0,0,0,
14591,0001401914,2023-02-13,90400,0001213900-23-010961,0001213900-23-010961,ok,full,0.0,,,,,0,0,0,0,0,0,
14937,0001404281,2022-05-19,93339,0000902664-22-003090,0000902664-22-003090,ok,full,0.0,,,,,0,0,0,0,0,0,
14937,0001404281,2022-09-28,19628,0000902664-22-004509,0000902664-22-004509,ok,full,0.0,,,,,0,0,0,0,0,0,
11990,0001404912,2024-11-01,12591,0000950142-24-002712,0000950142-24-002712,ok,full,0.0,,,,,0,0,0,0,0,0,
92471,0001409171,2024-10-31,18784,0000921895-24-002415,0000921895-24-002415,ok,full,0.0,,,,,0,0,0,0,0,0,
93371,0001410098,2022-11-09,14452,0000921895-22-003092,0000921895-22-003092,ok,full,0.0,,,,,0,0,0,0,0,0,
93371,0001410098,2023-01-09,83148,0000921895-23-000084,0000921895-23-000084,ok,full,0.0,,,,,0,0,0,0,0,0,
93371,0001410098,2023-05-24,21089,0001214659-23-008178,0001214659-23-008178,ok,full,0.0,,,,,0,0,0,0,0,0,
14516,0001410384,2022-10-11,20899,0001193125-22-262610,0001193125-22-262610,ok,full,0.0,,,,,0,0,0,0,0,0,
14516,0001410384,2024-05-13,21121,0000950142-24-001384,0000950142-24-001384,ok,full,0.0,,,,,0,0,0,0,0,0,
17234,0001418100,2022-05-23,13108,0000902664-22-003123,0000902664-22-003123,ok,full,0.0,,,,,0,0,0,0,0,0,
21285,0001419951,2022-08-16,92091,0001437749-22-021511,0001437749-22-021511,ok,full,0.0,,,,,0,0,0,0,0,0,
16250,0001420520,2022-05-12,20670,0000902664-22-003109,0000902664-22-003109,ok,full,0.0,,,,,0,0,0,0,0,0,
16776,0001420565,2022-05-31,15542,0001104659-22-070134,0001104659-22-070134,ok,full,0.0,,,,,0,0,0,0,0,0,
16776,0001420565,2022-10-21,18427,0000921895-22-002849,0000921895-22-002849,ok,full,0.0,,,,,0,0,0,0,0,0,
16776,0001420565,2023-08-16,86536,0001437749-23-024725,0001437749-23-024725,ok,full,0.0,,,,,0,0,0,0,0,0,
12527,0001420720,2022-09-13,19954,0001072613-22-000568,0001072613-22-000568,ok,full,0.0,,,,,0,0,0,0,0,0,
12527,0001420720,2022-12-13,14874,0000921895-22-003273,0000921895-22-003273,ok,full,0.0,,,,,0,0,0,0,0,0,
92648,0001420800,2022-01-06,77447,0000950127-22-000003,0000950127-22-000003,ok,full,0.0,,,,,0,0,0,0,0,0,
92753,0001421517,2022-06-13,85424,0000807249-22-000074,0000807249-22-000074,ok,full,0.0,,,,,0,0,0,0,0,0,
20315,0001422930,2022-08-22,89167,0000921895-22-002603,0000921895-22-002603,ok,full,0.0,,,,,0,0,0,0,0,0,
20315,0001422930,2024-08-30,16630,0000921895-24-002101,0000921895-24-002101,ok,full,0.0,,,,,0,0,0,0,0,0,
15222,0001425205,2022-03-28,16044,0000902664-22-002457,0000902664-22-002457,ok,full,,,,,,0,0,1,1,0,0,
23120,0001425627,2023-09-27,92528,0000919574-23-005372,0000919574-23-005372,ok,full,0.0,,,,,0,0,0,0,0,0,
14750,0001428875,2022-06-21,93369,0001193125-22-187216,0001193125-22-187216,ok,full,1.0,2022-09-07,DEFM14A,A,0001104659-22-098244,2,0,0,0,1,1,2022-03-15
14245,0001434316,2024-02-15,23432,0001072613-24-000265,0001072613-24-000265,ok,full,0.0,,,,,0,0,0,0,0,0,
15417,0001435064,2024-03-20,25452,0000807249-24-000036,0000807249-24-000036,ok,full,0.0,,,,,0,0,0,0,0,0,
21920,0001436229,2023-06-12,23185,0000950170-23-028010,0000950170-23-028010,ok,full,0.0,,,,,0,0,0,0,0,0,
21920,0001436229,2024-07-01,21947,0001213900-24-059094,0001213900-24-059094,ok,full,0.0,,,,,0,0,0,0,0,0,
16287,0001437352,2022-11-29,81222,0001193805-22-001682,0001193805-22-001682,ok,full,0.0,,,,,0,0,0,0,0,0,
14690,0001437402,2024-04-30,90423,0000038777-24-000072,0000038777-24-000072,ok,full,0.0,,,,,0,0,0,0,0,0,
16392,0001438423,2022-04-01,84607,0001062993-22-010017,0001062993-22-010017,ok,full,0.0,,,,,0,0,0,0,0,0,
16698,0001441683,2022-10-11,20899,0001193125-22-262610,0001193125-22-262610,ok,full,0.0,,,,,0,0,0,0,0,0,
13249,0001443669,2022-08-12,46463,0001193805-22-001168,0001193805-22-001168,ok,full,0.0,,,,,0,0,0,0,0,0,
13249,0001443669,2024-10-07,92029,0000902664-24-005842,0000902664-24-005842,ok,full,0.0,,,,,0,0,0,0,0,0,
13750,0001444192,2022-06-17,14550,0000921895-22-002105,0000921895-22-002105,ok,full,0.0,,,,,0,0,0,0,1,1,2021-08-27
13750,0001444192,2023-08-14,15646,0001140361-23-041175,0001140361-23-041175,ok,full,0.0,,,,,0,0,0,0,0,1,2021-08-27
15380,0001444307,2022-05-19,93339,0000902664-22-003090,0000902664-22-003090,ok,full,0.0,,,,,0,0,0,0,0,0,
15645,0001446159,2024-02-09,17326,0001213900-24-014922,0001213900-24-014922,ok,full,,,,,,0,0,1,1,0,0,
93264,0001446847,2023-08-22,14467,0001140361-23-042206,0001140361-23-042206,ok,full,0.0,,,,,0,0,0,0,0,0,
17226,0001455863,2024-11-20,13439,0001193805-24-001416,0001193805-24-001416,ok,full,0.0,,,,,0,0,0,0,0,0,
14458,0001457612,2022-02-02,90783,0001193125-22-042152,0001193125-22-042152,ok,full,0.0,,,,,0,0,0,0,0,0,
14458,0001457612,2022-06-02,91086,0000902664-22-003257,0000902664-22-003257,ok,full,0.0,,,,,0,0,0,0,0,0,
22287,0001462056,2022-03-21,21829,0001213900-22-022355,0001213900-22-022355,ok,full,0.0,,,,,0,0,0,0,0,0,
22287,0001462056,2024-08-09,89387,0001665159-24-000001,0001665159-24-000001,ok,full,0.0,,,,,0,0,0,0,0,0,
21577,0001462223,2022-05-06,87302,0001477932-22-003302,0001477932-22-003302,ok,full,0.0,,,,,0,0,0,0,0,0,
21577,0001462223,2023-07-31,15662,0001104659-23-089712,0001104659-23-089712,ok,full,1.0,2023-11-08,PREM14A,A,0001654954-23-013893,1,0,0,0,0,0,
92999,0001465128,2024-11-20,13439,0001193805-24-001416,0001193805-24-001416,ok,full,0.0,,,,,0,0,0,0,0,0,
16063,0001466026,2024-10-02,15064,0001904067-24-000003,0001904067-24-000003,ok,full,0.0,,,,,0,0,0,0,0,0,
13107,0001466301,2022-02-23,14707,0000921895-22-000790,0000921895-22-000790,ok,full,0.0,,,,,0,0,0,0,0,0,
13107,0001466301,2022-04-12,16668,0001104659-22-049068,0001104659-22-049068,ok,full,0.0,,,,,0,0,0,0,0,0,
13107,0001466301,2022-11-10,13870,0001104659-22-117058,0001104659-22-117058,ok,full,0.0,,,,,0,0,0,0,0,0,
60098,0001466593,2024-11-14,21619,0001213900-24-111891,0001213900-24-111891,ok,full,0.0,,,,,0,0,0,0,0,0,
18203,0001468748,2023-05-24,21089,0001214659-23-008178,0001214659-23-008178,ok,full,0.0,,,,,0,0,0,0,0,0,
18203,0001468748,2023-09-27,13962,0001140361-23-045575,0001140361-23-045575,ok,full,0.0,,,,,0,0,0,0,0,0,
15382,0001469443,2022-01-05,79039,0001493152-22-000977,0001493152-22-000977,ok,full,0.0,,,,,0,0,0,0,0,0,
15784,0001472091,2021-12-13,20318,0001104659-22-008244,0001104659-22-008244,ok,full,0.0,,,,,0,0,0,0,0,0,
15784,0001472091,2022-01-24,83950,0001213900-22-004782,0001213900-22-004782,ok,full,0.0,,,,,0,0,0,0,0,0,
14951,0001474903,2024-04-18,22610,0000902664-24-003017,0000902664-24-003017,ok,full,0.0,,,,,0,0,0,0,0,0,
22266,0001476840,2023-05-09,90989,0000921895-23-001235,0000921895-23-001235,ok,full,0.0,,,,,0,0,0,0,0,0,
22266,0001476840,2024-08-19,20336,0001214659-24-014893,0001214659-24-014893,ok,full,0.0,,,,,0,0,0,0,0,0,
19149,0001477845,2022-01-24,83950,0001213900-22-004782,0001213900-22-004782,ok,full,0.0,,,,,0,0,0,0,0,0,
22199,0001482981,2024-04-30,20654,0000014693-24-000036,0000014693-24-000036,ok,full,0.0,,,,,0,0,0,0,0,0,
93426,0001487952,2024-11-06,88807,0000950142-24-002787,0000950142-24-002787,ok,full,0.0,,,,,0,0,0,0,0,0,
13693,0001488039,2022-11-09,14452,0000921895-22-003092,0000921895-22-003092,ok,full,0.0,,,,,0,0,0,0,0,0,
13693,0001488039,2023-05-11,15433,0000921895-23-001309,0000921895-23-001309,ok,full,0.0,,,,,0,0,0,0,0,0,
17323,0001491419,2022-07-19,14258,0001013594-22-000528,0001013594-22-000528,ok,full,0.0,,,,,0,0,0,0,0,0,
13326,0001493594,2022-10-10,17987,0001193805-22-001434,0001193805-22-001434,ok,full,0.0,,,,,0,0,0,0,0,0,
13756,0001495240,2022-07-13,12566,0001104659-22-082403,0001104659-22-082403,ok,full,0.0,,,,,0,0,0,0,0,0,
18955,0001496323,2022-02-14,89445,0001104659-22-026456,0001104659-22-026456,ok,full,0.0,,,,,0,0,0,0,0,0,
18955,0001496323,2024-12-13,19939,0001373604-24-000114,0001373604-24-000114,ok,full,1.0,2025-07-01,8-K,A,0001193125-25-153576,4,0,0,0,1,1,2024-06-18
14694,0001500435,2023-04-12,90081,0001104659-23-044843,0001104659-23-044843,ok,full,0.0,,,,,0,0,0,0,0,0,
15779,0001501989,2023-08-04,19568,0001123292-23-000096,0001123292-23-000096,ok,full,0.0,,,,,0,0,0,0,0,0,
14316,0001503802,2022-03-28,21790,0000902664-22-002385,0000902664-22-002385,ok,full,0.0,,,,,0,0,0,0,0,0,
13652,0001505512,2023-05-22,18894,0001332596-23-000001,0001332596-23-000001,ok,full,0.0,,,,,0,0,0,0,0,0,
13652,0001505512,2024-03-15,18419,0001193805-24-000439,0001193805-24-000439,ok,full,0.0,,,,,0,0,0,0,0,0,
14650,0001505732,2024-02-28,89573,0001493152-24-008886,0001493152-24-008886,ok,full,0.0,,,,,0,0,0,0,0,0,
22561,0001506983,2024-09-05,21263,0001193805-24-001111,0001193805-24-001111,ok,full,0.0,,,,,0,0,0,0,0,0,
14313,0001507957,2023-08-17,84607,0000921895-23-002068,0000921895-23-002068,ok,full,0.0,,,,,0,0,0,0,0,0,
17951,0001513525,2022-01-10,20297,0001513162-22-000005,0001513162-22-000005,ok,full,0.0,,,,,0,0,0,0,0,0,
17951,0001513525,2023-08-16,86536,0001437749-23-024725,0001437749-23-024725,ok,full,0.0,,,,,0,0,0,0,0,0,
17951,0001513525,2024-10-07,20331,0001104659-24-108596,0001104659-24-108596,ok,full,0.0,,,,,0,0,0,0,0,0,
14555,0001513818,2022-02-02,90783,0001193125-22-042152,0001193125-22-042152,ok,full,0.0,,,,,0,0,0,0,0,0,
14555,0001513818,2022-06-17,14550,0000921895-22-002105,0000921895-22-002105,ok,full,0.0,,,,,0,0,0,0,0,0,
23426,0001514183,2024-09-24,22767,0001213900-24-084092,0001213900-24-084092,ok,full,0.0,,,,,0,0,0,0,0,0,
23426,0001514183,2024-10-07,20331,0001104659-24-108596,0001104659-24-108596,ok,full,0.0,,,,,0,0,0,0,0,0,
17106,0001514416,2022-05-23,13108,0000902664-22-003123,0000902664-22-003123,ok,full,0.0,,,,,0,0,0,0,0,0,
17106,0001514416,2022-08-23,15087,0001213900-22-051125,0001213900-22-051125,ok,full,0.0,,,,,0,0,0,0,0,0,
17106,0001514416,2022-12-13,20465,0000921895-22-003251,0000921895-22-003251,ok,full,0.0,,,,,0,0,0,0,0,0,
12880,0001514991,2024-05-28,15226,0001013762-24-002223,0001013762-24-002223,ok,full,0.0,,,,,0,0,0,0,0,0,
21357,0001516513,2022-03-07,18141,0000902664-22-002198,0000902664-22-002198,ok,full,0.0,,,,,0,0,0,0,0,0,
14531,0001517022,2022-03-28,21790,0000902664-22-002385,0000902664-22-002385,ok,full,0.0,,,,,0,0,0,0,0,0,
13802,0001517302,2022-02-23,14601,0000921895-22-000769,0000921895-22-000769,ok,full,0.0,,,,,0,0,0,0,0,0,
19145,0001517375,2023-05-25,14136,0001085146-23-002488,0001085146-23-002488,ok,full,0.0,,,,,0,0,0,0,0,0,
13302,0001519401,2021-12-31,19592,0001213900-22-006966,0001213900-22-006966,ok,full,0.0,,,,,0,0,0,0,0,0,
13302,0001519401,2022-09-12,84007,0000904853-22-000002,0000904853-22-000002,ok,full,0.0,,,,,0,0,0,0,0,0,
13302,0001519401,2024-12-10,83565,0000904853-24-000009,0000904853-24-000009,ok,full,0.0,,,,,0,0,0,0,0,0,
15429,0001521036,2023-01-25,35991,0001193805-23-000094,0001193805-23-000094,ok,full,0.0,,,,,0,0,0,0,0,0,
15429,0001521036,2023-06-15,91832,0001104659-23-072412,0001104659-23-072412,ok,full,0.0,,,,,0,0,0,0,0,0,
21345,0001522540,2022-03-31,11370,0001193805-22-000591,0001193805-22-000591,ok,full,0.0,,,,,0,0,0,0,0,0,
21345,0001522540,2024-05-13,21121,0000950142-24-001384,0000950142-24-001384,ok,full,0.0,,,,,0,0,0,0,0,0,
17139,0001522602,2023-06-02,21939,0001213900-23-047253,0001213900-23-047253,ok,full,0.0,,,,,0,0,0,0,0,0,
13035,0001524472,2024-11-06,87034,0001139032-25-000002,0001139032-25-000002,ok,full,0.0,,,,,0,0,0,0,0,0,
15014,0001525769,2023-02-01,21890,0001866581-23-000028,0001866581-23-000028,ok,full,0.0,,,,,0,0,0,0,0,0,
15014,0001525769,2023-08-08,13548,0001193805-23-001197,0001193805-23-001197,ok,full,0.0,,,,,0,0,0,0,0,0,
13202,0001526119,2022-04-04,12577,0000950142-22-001358,0000950142-22-001358,ok,full,0.0,,,,,0,0,0,0,0,0,
13332,0001529377,2023-09-27,14566,0001104659-23-107787,0001104659-23-107787,ok,full,0.0,,,,,0,0,0,0,0,0,
13528,0001530249,2022-11-14,89038,0000897069-22-000616,0000897069-22-000616,ok,full,0.0,,,,,0,0,0,0,0,0,
13188,0001530950,2024-10-11,16431,0001104659-24-109740,0001104659-24-109740,ok,full,0.0,,,,,0,0,0,0,0,1,2022-02-28
21118,0001530979,2022-07-21,90371,0001058854-22-000033,0001058854-22-000033,ok,full,0.0,,,,,0,0,0,0,0,0,
21118,0001530979,2022-12-07,19644,0000950142-22-003306,0000950142-22-003306,ok,full,0.0,,,,,0,0,0,0,0,0,
21118,0001530979,2024-10-31,18784,0000921895-24-002415,0000921895-24-002415,ok,full,0.0,,,,,0,0,0,0,0,0,
15961,0001533998,2022-01-27,88564,0001493152-22-003197,0001493152-22-003197,ok,full,0.0,,,,,0,0,0,0,0,0,
15833,0001534120,2022-08-26,13599,0001851734-22-000538,0001851734-22-000538,ok,full,0.0,,,,,0,0,0,0,0,0,
15833,0001534120,2023-08-22,13965,0001213900-23-072694,0001213900-23-072694,ok,full,0.0,,,,,0,0,0,0,0,0,
16834,0001537917,2022-08-26,13599,0001851734-22-000538,0001851734-22-000538,ok,full,,,,,,0,0,1,1,1,1,2022-08-09
13625,0001549346,2022-03-31,11370,0001193805-22-000591,0001193805-22-000591,ok,full,0.0,,,,,0,0,0,0,0,0,
16178,0001551986,2023-02-13,13111,0001062993-23-003537,0001062993-23-003537,ok,full,0.0,,,,,0,0,0,0,0,0,
19024,0001553643,2022-03-21,20662,0000935836-22-000298,0000935836-22-000298,ok,full,0.0,,,,,0,0,0,0,0,0,
19024,0001553643,2024-06-14,18559,0001104659-24-071864,0001104659-24-071864,ok,full,0.0,,,,,0,0,0,0,0,0,
14127,0001555074,2022-12-23,90476,0001628280-22-032652,0001628280-22-032652,ok,full,0.0,,,,,0,0,0,0,0,0,
20305,0001555279,2022-04-20,13878,0000921895-22-001398,0000921895-22-001398,ok,full,0.0,,,,,0,0,0,0,0,0,
20305,0001555279,2022-07-11,20581,0001214659-22-009064,0001214659-22-009064,ok,full,0.0,,,,,0,0,0,0,0,0,
16111,0001556263,2023-03-16,91279,0001437749-23-007913,0001437749-23-007913,ok,full,0.0,,,,,0,0,0,0,0,0,
15775,0001557746,2024-02-12,14456,0001104659-24-024047,0001104659-24-024047,ok,full,0.0,,,,,0,0,0,0,0,0,
16705,0001560241,2022-03-28,21790,0000902664-22-002385,0000902664-22-002385,ok,full,0.0,,,,,0,0,0,0,0,0,
16705,0001560241,2023-09-27,13962,0001140361-23-045575,0001140361-23-045575,ok,full,1.0,2024-08-07,SC TO-C,A+B,0001104659-24-086802,4,0,0,2,0,0,
13797,0001562463,2022-11-14,89038,0000897069-22-000616,0000897069-22-000616,ok,full,0.0,,,,,0,0,0,0,0,1,2021-11-02
13797,0001562463,2023-05-05,15539,0001104659-23-060964,0001104659-23-060964,ok,full,0.0,,,,,0,0,0,0,0,1,2021-11-02
22080,0001562528,2022-07-13,12566,0001104659-22-082403,0001104659-22-082403,ok,full,0.0,,,,,0,0,0,0,0,1,2021-04-16
22080,0001562528,2023-03-01,22360,0000904853-23-000005,0000904853-23-000005,ok,full,0.0,,,,,0,0,0,0,0,1,2021-04-16
16069,0001566373,2022-11-10,13870,0001104659-22-117058,0001104659-22-117058,ok,full,1.0,2022-11-21,8-K,A,0001193125-22-289465,9,0,0,0,1,1,2022-07-07
16069,0001566373,2023-03-08,19986,0001193805-23-000359,0001193805-23-000359,ok,full,1.0,2023-03-09,8-K,A,0001193125-23-065376,1,0,0,0,1,1,2023-03-06
13924,0001571498,2021-12-13,20318,0001104659-22-008244,0001104659-22-008244,ok,full,1.0,2022-06-27,SC TO-C,A+B,0001193125-22-182056,5,0,0,1,0,0,
14183,0001571776,2022-04-12,12828,0000899140-22-000462,0000899140-22-000462,ok,full,0.0,,,,,0,0,0,0,0,0,
20660,0001572334,2022-03-22,18554,0001437749-22-007518,0001437749-22-007518,ok,full,0.0,,,,,0,0,0,0,0,0,
14054,0001576263,2023-01-25,35991,0001193805-23-000094,0001193805-23-000094,ok,full,1.0,2023-10-23,PREM14A,A,0001140361-23-049203,2,0,0,2,0,0,
17038,0001576942,2024-10-31,18784,0000921895-24-002415,0000921895-24-002415,ok,full,0.0,,,,,0,0,0,0,0,0,
14213,0001578732,2022-11-02,92502,0001104659-22-115972,0001104659-22-115972,ok,full,0.0,,,,,0,0,0,0,0,0,
15831,0001579428,2023-01-25,35991,0001193805-23-000094,0001193805-23-000094,ok,full,0.0,,,,,0,0,0,0,0,0,
15831,0001579428,2023-06-15,91832,0001104659-23-072412,0001104659-23-072412,ok,full,0.0,,,,,0,0,0,0,0,0,
19541,0001579733,2022-02-23,18642,0001213900-22-010936,0001213900-22-010936,ok,full,0.0,,,,,0,0,0,0,0,0,
19814,0001580149,2022-03-11,20834,0000078003-22-000045,0000078003-22-000045,ok,full,0.0,,,,,0,0,0,0,0,0,
19814,0001580149,2022-06-21,72611,0001140361-22-024794,0001140361-22-024794,ok,full,0.0,,,,,0,0,0,0,0,0,
14229,0001584207,2022-02-28,66325,0000921895-22-000821,0000921895-22-000821,ok,full,0.0,,,,,0,0,0,0,0,0,
14229,0001584207,2022-08-14,77660,0001104659-22-100898,0001104659-22-100898,ok,full,0.0,,,,,0,0,0,0,0,0,
15375,0001585608,2022-05-22,21939,0001493152-22-015556,0001493152-22-015556,ok,full,0.0,,,,,0,0,0,0,0,0,
15375,0001585608,2024-05-15,14991,0001104659-24-064358,0001104659-24-064358,ok,full,0.0,,,,,0,0,0,0,0,0,
15187,0001587221,2022-05-19,18855,0001068238-22-000140,0001068238-22-000140,ok,full,0.0,,,,,0,0,0,0,0,0,
21844,0001590418,2023-06-09,84184,0001104659-23-072981,0001104659-23-072981,ok,full,0.0,,,,,0,0,0,0,0,0,
21844,0001590418,2024-09-05,21263,0001193805-24-001111,0001193805-24-001111,ok,full,0.0,,,,,0,0,0,0,0,0,
15658,0001590877,2022-01-25,10530,0000921895-22-000341,0000921895-22-000341,ok,full,0.0,,,,,0,0,0,0,0,0,
15658,0001590877,2022-05-18,19356,0000902664-22-003160,0000902664-22-003160,ok,full,0.0,,,,,0,0,0,0,0,0,
14434,0001590976,2024-04-01,63132,0001493152-24-013403,0001493152-24-013403,ok,full,0.0,,,,,0,0,0,0,0,0,
14434,0001590976,2024-08-12,39220,0000807249-24-000095,0000807249-24-000095,ok,full,0.0,,,,,0,0,0,0,0,0,
14590,0001592016,2022-06-21,72611,0001140361-22-024794,0001140361-22-024794,ok,full,1.0,2022-11-23,8-K,A,0001104659-22-121734,4,0,0,0,0,0,
15287,0001595097,2022-07-06,17105,0001072613-22-000489,0001072613-22-000489,ok,full,0.0,,,,,0,0,0,0,0,0,
15287,0001595097,2023-05-19,89935,0000921895-23-001387,0000921895-23-001387,ok,full,0.0,,,,,0,0,0,0,0,0,
15287,0001595097,2023-08-21,22562,0001068238-23-000182,0001068238-23-000182,ok,full,0.0,,,,,0,0,0,0,0,0,
17360,0001595248,2023-05-19,89935,0000921895-23-001387,0000921895-23-001387,ok,full,0.0,,,,,0,0,0,0,0,0,
17360,0001595248,2024-05-23,14419,0001683168-24-003883,0001683168-24-003883,ok,full,0.0,,,,,0,0,0,0,0,0,
14574,0001596967,2022-02-23,14601,0000921895-22-000769,0000921895-22-000769,ok,full,0.0,,,,,0,0,0,0,0,0,
14684,0001598428,2024-02-29,79198,0001140361-24-011951,0001140361-24-011951,ok,full,0.0,,,,,0,0,0,0,0,0,
16318,0001600033,2023-06-15,91832,0001104659-23-072412,0001104659-23-072412,ok,full,0.0,,,,,0,0,0,0,0,0,
19918,0001604477,2023-06-21,82848,0001493152-23-025154,0001493152-23-025154,ok,full,1.0,2024-01-12,PREM14A,A,0001193125-24-007135,2,0,0,0,0,0,
17122,0001604950,2023-01-09,83148,0000921895-23-000084,0000921895-23-000084,ok,full,0.0,,,,,0,0,0,0,0,0,
14943,0001605301,2024-02-07,90718,0001999371-24-001967,0001999371-24-001967,ok,full,0.0,,,,,0,0,0,0,0,0,
22179,0001606698,2023-08-17,84607,0000921895-23-002068,0000921895-23-002068,ok,full,0.0,,,,,0,0,0,0,0,0,
14942,0001606757,2023-07-21,82542,0001389404-23-000004,0001389404-23-000004,ok,full,0.0,,,,,0,0,0,0,0,0,
15303,0001607678,2023-08-22,14467,0001140361-23-042206,0001140361-23-042206,ok,full,0.0,,,,,0,0,0,0,0,0,
14953,0001610250,2024-04-22,57817,0001104659-24-051481,0001104659-24-051481,ok,full,0.0,,,,,0,0,0,0,0,0,
14988,0001611983,2024-09-09,80924,0001104659-24-098259,0001104659-24-098259,ok,full,1.0,2024-12-13,PREM14A,A,0001140361-24-049333,2,0,0,2,0,0,
16712,0001615165,2023-06-16,21625,0000902664-23-003734,0000902664-23-003734,ok,full,0.0,,,,,0,0,0,0,0,0,
90600,0001617242,2021-12-31,58836,0001587987-22-000002,0001587987-22-000002,ok,full,0.0,,,,,0,0,0,0,0,0,
90600,0001617242,2024-10-02,15064,0001904067-24-000003,0001904067-24-000003,ok,full,0.0,,,,,0,0,0,0,0,0,
15167,0001620533,2023-08-08,13548,0001193805-23-001197,0001193805-23-001197,ok,full,0.0,,,,,0,0,0,0,0,0,
17372,0001622229,2024-02-22,16668,0000935836-24-000244,0000935836-24-000244,ok,full,0.0,,,,,0,0,0,0,0,0,
16528,0001622345,2022-09-20,92466,0000921895-22-002735,0000921895-22-002735,ok,full,0.0,,,,,0,0,0,0,0,0,
16181,0001624326,2023-06-09,84184,0001104659-23-072981,0001104659-23-072981,ok,full,0.0,,,,,0,0,0,0,0,0,
16066,0001625101,2022-09-07,83145,0001193125-22-247613,0001193125-22-247613,ok,full,0.0,,,,,0,0,0,0,0,0,
22263,0001625278,2022-11-29,22115,0000950142-22-003329,0000950142-22-003329,ok,full,0.0,,,,,0,0,0,0,0,0,
22263,0001625278,2023-08-23,19679,0001628280-23-031024,0001628280-23-031024,ok,full,0.0,,,,,0,0,0,0,0,0,
21601,0001625641,2022-12-13,20465,0000921895-22-003251,0000921895-22-003251,ok,full,0.0,,,,,0,0,0,0,0,0,
21601,0001625641,2024-11-22,17343,0001213900-24-102372,0001213900-24-102372,ok,full,0.0,,,,,0,0,0,0,0,0,
15650,0001626115,2022-01-26,15540,0001213900-22-005076,0001213900-22-005076,ok,full,0.0,,,,,0,0,0,0,0,0,
15650,0001626115,2023-02-09,15540,0001213900-23-009764,0001213900-23-009764,ok,full,0.0,,,,,0,0,0,0,0,0,
15278,0001629210,2022-03-15,17366,0001140361-22-010994,0001140361-22-010994,ok,full,0.0,,,,,0,0,0,0,0,0,
16813,0001630472,2023-03-01,22360,0000904853-23-000005,0000904853-23-000005,ok,full,0.0,,,,,0,0,0,0,0,0,
21105,0001630627,2024-10-30,41188,0001214659-24-018485,0001214659-24-018485,ok,full,0.0,,,,,0,0,0,0,0,0,
16691,0001631596,2023-05-10,13537,0001104659-23-058700,0001104659-23-058700,ok,full,0.0,,,,,0,0,0,0,0,0,
15395,0001632127,2023-05-26,21297,0001104659-23-065438,0001104659-23-065438,ok,full,0.0,,,,,0,0,0,0,0,0,
19837,0001634379,2022-05-19,18855,0001068238-22-000140,0001068238-22-000140,ok,full,1.0,2022-09-06,8-K,A,0001193125-22-238887,2,0,0,0,0,0,
16012,0001634447,2023-06-26,19352,0001140361-23-033518,0001140361-23-033518,ok,full,0.0,,,,,0,0,0,0,0,0,
15486,0001636050,2022-07-06,17105,0001072613-22-000489,0001072613-22-000489,ok,full,1.0,2023-02-09,PREM14A,A,0001140361-23-005279,2,0,0,0,0,0,
15486,0001636050,2023-02-13,13111,0001062993-23-003537,0001062993-23-003537,ok,full,1.0,2023-02-21,DEFM14A,A,0001140361-23-007830,1,0,0,0,1,1,2023-02-09
15407,0001637761,2022-08-09,22220,0001213900-22-049682,0001213900-22-049682,ok,full,1.0,2022-10-11,8-K,A,0001193125-22-260152,2,0,0,1,0,0,
18643,0001641631,2022-08-09,22220,0001213900-22-049682,0001213900-22-049682,ok,full,0.0,,,,,0,0,0,0,0,0,
15863,0001642380,2023-08-16,16681,0000921895-23-002063,0000921895-23-002063,ok,full,0.0,,,,,0,0,0,0,0,0,
15863,0001642380,2024-10-14,24814,0001520138-24-000357,0001520138-24-000357,ok,full,0.0,,,,,0,0,0,0,0,0,
19142,0001645469,2023-09-05,21065,0001140361-23-044177,0001140361-23-044177,ok,full,0.0,,,,,0,0,0,0,0,0,
19142,0001645469,2024-03-26,18217,0001493152-24-013076,0001493152-24-013076,ok,full,0.0,,,,,0,0,0,0,0,0,
19142,0001645469,2024-04-22,15631,0000899140-24-000506,0000899140-24-000506,ok,full,0.0,,,,,0,0,0,0,0,0,
21837,0001648960,2024-06-03,90640,0002025175-24-000001,0002025175-24-000001,ok,full,,,,,,0,0,1,1,0,0,
16577,0001649096,2022-02-04,19602,0000950142-22-000628,0000950142-22-000628,ok,full,0.0,,,,,0,0,0,0,0,0,
22280,0001649739,2024-10-29,24471,0000921895-24-002467,0000921895-24-002467,ok,full,0.0,,,,,0,0,0,0,0,0,
16781,0001651407,2023-03-14,16570,0001214659-23-003818,0001214659-23-003818,ok,full,0.0,,,,,0,0,0,0,0,0,
16781,0001651407,2024-02-12,14456,0001104659-24-024047,0001104659-24-024047,ok,full,0.0,,,,,0,0,0,0,0,0,
20681,0001651562,2022-10-11,20899,0001193125-22-262610,0001193125-22-262610,ok,full,0.0,,,,,0,0,0,0,0,0,
22207,0001651721,2024-12-13,18259,0001104659-25-001689,0001104659-25-001689,ok,full,0.0,,,,,0,0,0,0,0,1,2023-09-13
20610,0001652724,2022-09-28,19628,0000902664-22-004509,0000902664-22-004509,ok,full,0.0,,,,,0,0,0,0,0,0,
18376,0001653087,2024-02-15,23432,0001072613-24-000265,0001072613-24-000265,ok,full,0.0,,,,,0,0,0,0,0,0,
22084,0001653482,2023-05-25,14136,0001085146-23-002488,0001085146-23-002488,ok,full,0.0,,,,,0,0,0,0,0,0,
22260,0001653909,2022-03-02,21007,0001387131-22-003635,0001387131-22-003635,ok,full,0.0,,,,,0,0,0,0,0,0,
22260,0001653909,2022-05-23,13108,0000902664-22-003123,0000902664-22-003123,ok,full,0.0,,,,,0,0,0,0,0,0,
22260,0001653909,2023-06-16,21625,0000902664-23-003734,0000902664-23-003734,ok,full,0.0,,,,,0,0,0,0,0,0,
16099,0001659617,2022-07-14,20630,0001193805-22-001110,0001193805-22-001110,ok,full,0.0,,,,,0,0,0,0,0,0,
16099,0001659617,2023-08-14,15646,0001140361-23-041175,0001140361-23-041175,ok,full,0.0,,,,,0,0,0,0,0,0,
16099,0001659617,2024-02-27,15542,0001104659-24-031033,0001104659-24-031033,ok,full,0.0,,,,,0,0,0,0,0,0,
16649,0001660134,2022-09-29,18771,0000908834-22-000119,0000908834-22-000119,ok,full,0.0,,,,,0,0,0,0,0,0,
18664,0001661059,2022-07-07,19544,0000895345-22-000552,0000895345-22-000552,ok,full,0.0,,,,,0,0,0,0,0,0,
19953,0001662579,2023-07-19,18377,0001072613-23-000402,0001072613-23-000402,ok,full,0.0,,,,,0,0,0,0,0,0,
16400,0001665300,2022-03-02,21007,0001387131-22-003635,0001387131-22-003635,ok,full,0.0,,,,,0,0,0,0,0,0,
16381,0001666134,2022-03-07,18141,0000902664-22-002198,0000902664-22-002198,ok,full,0.0,,,,,0,0,0,0,0,0,
22362,0001666291,2022-11-02,92502,0001104659-22-115972,0001104659-22-115972,ok,full,0.0,,,,,0,0,0,0,0,0,
16183,0001667161,2022-03-22,18554,0001437749-22-007518,0001437749-22-007518,ok,full,1.0,2022-03-28,8-K,A,0001104659-22-038810,4,0,0,0,0,0,
16049,0001667313,2022-03-21,21829,0001213900-22-022355,0001213900-22-022355,ok,full,0.0,,,,,0,0,0,0,0,0,
16049,0001667313,2022-07-22,16173,0001013594-22-000547,0001013594-22-000547,ok,full,0.0,,,,,0,0,0,0,0,0,
16049,0001667313,2024-12-04,79903,0000921895-24-002895,0000921895-24-002895,ok,full,0.0,,,,,0,0,0,0,0,0,
16260,0001668397,2022-06-21,93369,0001193125-22-187216,0001193125-22-187216,ok,full,0.0,,,,,0,0,0,0,0,0,
16146,0001671584,2022-06-24,16681,0000921895-22-002146,0000921895-22-002146,ok,full,0.0,,,,,0,0,0,0,0,0,
19981,0001671818,2022-06-17,14550,0000921895-22-002105,0000921895-22-002105,ok,full,0.0,,,,,0,0,0,0,0,0,
17901,0001673481,2021-11-30,34673,0000921895-22-000398,0000921895-22-000398,ok,full,0.0,,,,,0,0,0,0,0,0,
16376,0001674227,2022-08-16,92091,0001437749-22-021511,0001437749-22-021511,ok,full,0.0,,,,,0,0,0,0,0,0,
17868,0001674365,2022-10-21,18427,0000921895-22-002849,0000921895-22-002849,ok,full,0.0,,,,,0,0,0,0,0,0,
16338,0001674910,2024-09-30,13730,0001140361-24-042733,0001140361-24-042733,ok,full,0.0,,,,,0,0,0,0,0,1,2023-05-10
22267,0001676238,2024-02-13,21617,0000921895-24-000526,0000921895-24-000526,ok,full,0.0,,,,,0,0,0,0,0,0,
16903,0001680048,2022-09-13,19954,0001072613-22-000568,0001072613-22-000568,ok,full,0.0,,,,,0,0,0,0,0,0,
16903,0001680048,2023-05-19,89935,0000921895-23-001387,0000921895-23-001387,ok,full,0.0,,,,,0,0,0,0,0,0,
16903,0001680048,2023-08-21,22562,0001068238-23-000182,0001068238-23-000182,ok,full,0.0,,,,,0,0,0,0,0,0,
16532,0001680378,2023-02-06,16393,0000897069-23-000114,0000897069-23-000114,ok,full,0.0,,,,,0,0,0,0,0,0,
16543,0001681622,2023-09-15,81621,0000921895-23-002203,0000921895-23-002203,ok,full,0.0,,,,,0,0,0,0,0,0,
16585,0001682220,2022-04-12,12828,0000899140-22-000462,0000899140-22-000462,ok,full,0.0,,,,,0,0,0,0,0,0,
16585,0001682220,2022-10-30,89611,0000921895-22-002925,0000921895-22-002925,ok,full,0.0,,,,,0,0,0,0,0,0,
16585,0001682220,2023-08-11,15072,0000921895-23-001902,0000921895-23-001902,ok,full,0.0,,,,,0,0,0,0,0,0,
19993,0001683553,2022-03-18,85293,0000921895-22-000996,0000921895-22-000996,ok,full,0.0,,,,,0,0,0,0,0,0,
19993,0001683553,2022-12-20,92468,0001213900-23-000847,0001213900-23-000847,ok,full,0.0,,,,,0,0,0,0,0,0,
19993,0001683553,2023-10-02,19969,0000895345-23-000577,0000895345-23-000577,ok,full,0.0,,,,,0,0,0,0,0,0,
19993,0001683553,2024-12-13,15433,0001437749-24-038167,0001437749-24-038167,ok,full,0.0,,,,,0,0,0,0,0,0,
16676,0001691337,2022-12-31,58836,0001587987-23-000044,0001587987-23-000044,ok,full,0.0,,,,,0,0,0,0,1,1,2022-08-12
18960,0001692830,2023-05-29,20788,0000897069-23-000695,0000897069-23-000695,ok,full,1.0,2023-06-08,8-K,A,0001193125-23-163082,1,0,0,0,1,1,2023-05-05
16667,0001693256,2022-04-14,17073,0000899140-22-000470,0000899140-22-000470,ok,full,0.0,,,,,0,0,0,0,0,0,
17270,0001697851,2022-04-01,84607,0001062993-22-010017,0001062993-22-010017,ok,full,0.0,,,,,0,0,0,0,0,0,
17270,0001697851,2024-06-21,19416,0001011438-24-000386,0001011438-24-000386,ok,full,0.0,,,,,0,0,0,0,0,0,
17044,0001701108,2022-06-01,17134,0000921895-22-001894,0000921895-22-001894,ok,full,0.0,,,,,0,0,0,0,0,0,
19176,0001701541,2023-01-19,82526,0000921895-23-000151,0000921895-23-000151,ok,full,0.0,,,,,0,0,0,0,0,0,
16753,0001702780,2024-04-01,88742,0001493152-24-013789,0001493152-24-013789,ok,full,0.0,,,,,0,0,0,0,0,0,
18257,0001710340,2023-01-19,82526,0000921895-23-000151,0000921895-23-000151,ok,full,0.0,,,,,0,0,0,0,0,0,
18257,0001710340,2024-12-13,19939,0001373604-24-000114,0001373604-24-000114,ok,full,0.0,,,,,0,0,0,0,0,0,
17039,0001710366,2022-11-21,18224,0000921895-22-003146,0000921895-22-003146,ok,full,0.0,,,,,0,0,0,0,0,0,
18406,0001711754,2022-12-12,23065,0001493152-22-036342,0001493152-22-036342,ok,full,0.0,,,,,0,0,0,0,0,0,
17125,0001714899,2024-03-28,19585,0001104659-24-041578,0001104659-24-041578,ok,full,0.0,,,,,0,0,0,0,0,0,
17695,0001718108,2022-01-24,83950,0001213900-22-004782,0001213900-22-004782,ok,full,0.0,,,,,0,0,0,0,0,0,
17245,0001719489,2022-06-01,16308,0000921895-22-001859,0000921895-22-001859,ok,full,0.0,,,,,0,0,0,0,0,0,
92589,0001720250,2022-08-09,20310,0001213900-22-049693,0001213900-22-049693,ok,full,0.0,,,,,0,0,0,0,0,0,
19016,0001720725,2022-02-03,15056,0000902664-22-001112,0000902664-22-001112,ok,full,1.0,2022-11-07,SC TO-C,A+B,0001193125-22-279260,6,0,0,2,0,0,
17368,0001722010,2022-11-14,89038,0000897069-22-000616,0000897069-22-000616,ok,full,0.0,,,,,0,0,0,0,0,0,
18133,0001722964,2023-03-08,19986,0001193805-23-000359,0001193805-23-000359,ok,full,0.0,,,,,0,0,0,0,0,0,
82702,0001723128,2022-09-21,17948,0001072613-22-000578,0001072613-22-000578,ok,full,0.0,,,,,0,0,0,0,0,0,
17677,0001726173,2022-07-19,14258,0001013594-22-000528,0001013594-22-000528,ok,full,0.0,,,,,0,0,0,0,0,0,
19460,0001726711,2023-08-22,13965,0001213900-23-072694,0001213900-23-072694,ok,full,,,,,,0,0,1,4,0,0,
18064,0001727263,2024-10-14,19565,0000902664-24-005919,0000902664-24-005919,ok,full,0.0,,,,,0,0,0,0,0,0,
17887,0001728688,2024-08-30,16630,0000921895-24-002101,0000921895-24-002101,ok,full,0.0,,,,,0,0,0,0,0,0,
17919,0001728951,2024-11-20,13439,0001193805-24-001416,0001193805-24-001416,ok,full,0.0,,,,,0,0,0,0,0,0,
17977,0001731348,2024-04-30,90423,0000038777-24-000072,0000038777-24-000072,ok,full,0.0,,,,,0,0,0,0,0,1,2021-03-12
19026,0001733413,2023-05-29,20788,0000897069-23-000695,0000897069-23-000695,ok,full,0.0,,,,,0,0,0,0,0,0,
19026,0001733413,2023-09-05,21065,0001140361-23-044177,0001140361-23-044177,ok,full,0.0,,,,,0,0,0,0,0,0,
58334,0001733998,2022-10-16,20246,0001104659-22-111608,0001104659-22-111608,ok,full,0.0,,,,,0,0,0,0,0,0,
58334,0001733998,2024-10-01,18368,0001749723-24-000095,0001749723-24-000095,ok,full,0.0,,,,,0,0,0,0,0,0,
18049,0001734342,2022-02-11,86287,0001104659-22-023678,0001104659-22-023678,ok,full,0.0,,,,,0,0,0,0,1,1,2021-11-19
18137,0001737287,2023-07-28,49488,0001140361-23-038327,0001140361-23-038327,ok,full,0.0,,,,,0,0,0,0,0,1,2022-04-14
18137,0001737287,2024-02-22,16668,0000935836-24-000244,0000935836-24-000244,ok,full,0.0,,,,,0,0,0,0,0,1,2022-04-14
18215,0001742927,2023-03-08,19986,0001193805-23-000359,0001193805-23-000359,ok,full,0.0,,,,,0,0,0,0,0,0,
18215,0001742927,2023-08-04,19568,0001123292-23-000096,0001123292-23-000096,ok,full,0.0,,,,,0,0,0,0,0,0,
18215,0001742927,2024-05-15,14991,0001104659-24-064358,0001104659-24-064358,ok,full,0.0,,,,,0,0,0,0,0,0,
18725,0001746618,2022-05-18,89394,0000921895-22-001834,0000921895-22-001834,ok,full,0.0,,,,,0,0,0,0,0,0,
14985,0001748824,2022-02-23,14601,0000921895-22-000769,0000921895-22-000769,ok,full,0.0,,,,,0,0,0,0,1,1,2021-11-04
20058,0001750284,2022-07-05,16104,0000947871-22-000750,0000947871-22-000750,ok,full,0.0,,,,,0,0,0,0,0,0,
20058,0001750284,2022-12-12,23065,0001493152-22-036342,0001493152-22-036342,ok,full,0.0,,,,,0,0,0,0,0,0,
17117,0001750735,2023-05-05,15539,0001104659-23-060964,0001104659-23-060964,ok,full,0.0,,,,,0,0,0,0,0,0,
17117,0001750735,2024-03-18,22302,0000897069-24-000736,0000897069-24-000736,ok,full,0.0,,,,,0,0,0,0,0,0,
17117,0001750735,2024-08-19,79734,0001013594-24-000674,0001013594-24-000674,ok,full,0.0,,,,,0,0,0,0,0,0,
19011,0001751876,2022-08-16,92091,0001437749-22-021511,0001437749-22-021511,ok,full,0.0,,,,,0,0,0,0,0,0,
18910,0001757073,2022-08-10,92220,0000914121-22-004079,0000914121-22-004079,ok,full,0.0,,,,,0,0,0,0,0,0,
19004,0001759138,2022-09-13,19954,0001072613-22-000568,0001072613-22-000568,ok,full,0.0,,,,,0,0,0,0,0,0,
19004,0001759138,2024-04-30,90423,0000038777-24-000072,0000038777-24-000072,ok,full,0.0,,,,,0,0,0,0,0,0,
18539,0001759631,2022-11-11,19224,0001085146-22-004149,0001085146-22-004149,ok,full,0.0,,,,,0,0,0,0,0,0,
18715,0001759774,2022-04-12,12828,0000899140-22-000462,0000899140-22-000462,ok,full,0.0,,,,,0,0,0,0,0,0,
19022,0001762303,2022-09-27,85013,0001214659-22-011815,0001214659-22-011815,ok,full,0.0,,,,,0,0,0,0,0,0,
19022,0001762303,2024-03-05,22220,0001193805-24-000342,0001193805-24-000342,ok,full,0.0,,,,,0,0,0,0,0,0,
19479,0001763950,2022-07-14,20630,0001193805-22-001110,0001193805-22-001110,ok,full,0.0,,,,,0,0,0,0,0,0,
18856,0001767258,2024-10-07,92029,0000902664-24-005842,0000902664-24-005842,ok,full,0.0,,,,,0,0,0,0,0,0,
13918,0001768224,2023-07-28,49488,0001140361-23-038327,0001140361-23-038327,ok,full,0.0,,,,,0,0,0,0,0,0,
18915,0001768267,2022-08-22,89167,0000921895-22-002603,0000921895-22-002603,ok,full,0.0,,,,,0,0,0,0,0,0,
18915,0001768267,2023-02-10,17382,0000921895-23-000588,0000921895-23-000588,ok,full,0.0,,,,,0,0,0,0,0,0,
21664,0001770236,2022-07-26,15374,0001214659-22-009648,0001214659-22-009648,ok,full,0.0,,,,,0,0,0,0,0,0,
21664,0001770236,2023-02-09,22252,0001140361-23-005544,0001140361-23-005544,ok,full,0.0,,,,,0,0,0,0,0,0,
21664,0001770236,2023-05-02,22281,0001213900-23-045646,0001213900-23-045646,ok,full,0.0,,,,,0,0,0,0,0,0,
27983,0001770450,2023-09-08,81241,0001104659-23-100860,0001104659-23-100860,ok,full,0.0,,,,,0,0,0,0,0,0,
18777,0001771917,2023-03-09,88159,0000902664-23-002313,0000902664-23-002313,ok,full,1.0,2023-12-22,8-K,A,0001193125-23-302210,3,0,0,0,0,0,
18898,0001772177,2024-08-08,22085,0000921895-24-001846,0000921895-24-001846,ok,full,0.0,,,,,0,0,0,0,0,0,
21551,0001775194,2023-05-24,19592,0001213900-23-045856,0001213900-23-045856,ok,full,0.0,,,,,0,0,0,0,0,0,
21551,0001775194,2024-10-11,24809,0001419502-24-000002,0001419502-24-000002,ok,full,0.0,,,,,0,0,0,0,0,0,
18907,0001775625,2021-12-29,21321,0001213900-22-001360,0001213900-22-001360,ok,full,0.0,,,,,0,0,0,0,0,0,
20146,0001777835,2021-12-31,19592,0001213900-22-006966,0001213900-22-006966,ok,full,0.0,,,,,0,0,0,0,1,1,2021-05-27
20146,0001777835,2022-09-12,84007,0000904853-22-000002,0000904853-22-000002,ok,full,0.0,,,,,0,0,0,0,0,1,2021-05-27
18997,0001781983,2022-05-22,21939,0001493152-22-015556,0001493152-22-015556,ok,full,0.0,,,,,0,0,0,0,0,0,
18997,0001781983,2022-12-20,92468,0001213900-23-000847,0001213900-23-000847,ok,full,0.0,,,,,0,0,0,0,0,0,
18997,0001781983,2023-09-05,21065,0001140361-23-044177,0001140361-23-044177,ok,full,0.0,,,,,0,0,0,0,0,0,
18997,0001781983,2024-05-22,11292,0001744329-24-000003,0001744329-24-000003,ok,full,0.0,,,,,0,0,0,0,0,0,
19196,0001784535,2022-08-23,15087,0001213900-22-051125,0001213900-22-051125,ok,full,0.0,,,,,0,0,0,0,0,0,
19196,0001784535,2023-08-03,16999,0001213900-23-066230,0001213900-23-066230,ok,full,0.0,,,,,0,0,0,0,0,0,
19196,0001784535,2024-08-09,89387,0001665159-24-000001,0001665159-24-000001,ok,full,0.0,,,,,0,0,0,0,0,0,
23252,0001784970,2024-02-27,20726,0001594543-24-000003,0001594543-24-000003,ok,full,0.0,,,,,0,0,0,0,0,0,
23252,0001784970,2024-11-13,83391,0001095449-24-000098,0001095449-24-000098,ok,full,0.0,,,,,0,0,0,0,0,0,
19037,0001786117,2022-10-30,89611,0000921895-22-002925,0000921895-22-002925,ok,full,0.0,,,,,0,0,0,0,0,0,
19225,0001786248,2022-10-30,89611,0000921895-22-002925,0000921895-22-002925,ok,full,0.0,,,,,0,0,0,0,0,0,
19225,0001786248,2023-08-11,15072,0000921895-23-001902,0000921895-23-001902,ok,full,0.0,,,,,0,0,0,0,0,0,
19225,0001786248,2024-05-21,14268,0001398344-24-009941,0001398344-24-009941,ok,full,0.0,,,,,0,0,0,0,0,0,
19225,0001786248,2024-10-29,90755,0000902664-24-006230,0000902664-24-006230,ok,full,0.0,,,,,0,0,0,0,0,0,
19807,0001786842,2022-01-06,77447,0000950127-22-000003,0000950127-22-000003,ok,full,0.0,,,,,0,0,0,0,0,0,
19251,0001787297,2022-02-03,15056,0000902664-22-001112,0000902664-22-001112,ok,full,0.0,,,,,0,0,0,0,0,0,
19251,0001787297,2023-02-13,90400,0001213900-23-010961,0001213900-23-010961,ok,full,0.0,,,,,0,0,0,0,0,0,
19251,0001787297,2023-05-11,15433,0000921895-23-001309,0000921895-23-001309,ok,full,0.0,,,,,0,0,0,0,0,0,
19184,0001787306,2024-02-22,16668,0000935836-24-000244,0000935836-24-000244,ok,full,0.0,,,,,0,0,0,0,1,1,2024-01-11
22204,0001789940,2024-08-08,22085,0000921895-24-001846,0000921895-24-001846,ok,full,0.0,,,,,0,0,0,0,0,0,
21732,0001790340,2023-10-04,12577,0001140361-23-048351,0001140361-23-048351,ok,full,0.0,,,,,0,0,0,0,0,0,
21732,0001790340,2024-03-25,17358,0000902664-24-002747,0000902664-24-002747,ok,full,0.0,,,,,0,0,0,0,0,0,
19331,0001793229,2023-05-09,90989,0000921895-23-001235,0000921895-23-001235,ok,full,0.0,,,,,0,0,0,0,0,0,
19404,0001794669,2022-09-26,90276,0001140361-22-035866,0001140361-22-035866,ok,full,0.0,,,,,0,0,0,0,0,0,
20172,0001794905,2022-11-10,88203,0001493152-22-033146,0001493152-22-033146,ok,full,0.0,,,,,0,0,0,0,0,1,2021-07-16
19401,0001796129,2022-10-21,18427,0000921895-22-002849,0000921895-22-002849,ok,full,0.0,,,,,0,0,0,0,0,0,
19401,0001796129,2023-02-13,13111,0001062993-23-003537,0001062993-23-003537,ok,full,0.0,,,,,0,0,0,0,0,0,
19601,0001798100,2023-05-10,13537,0001104659-23-058700,0001104659-23-058700,ok,full,0.0,,,,,0,0,0,0,0,0,
19831,0001799788,2023-10-02,19969,0000895345-23-000577,0000895345-23-000577,ok,full,0.0,,,,,0,0,0,0,0,0,
19462,0001801777,2022-02-03,15056,0000902664-22-001112,0000902664-22-001112,ok,full,0.0,,,,,0,0,0,0,0,0,
19462,0001801777,2022-04-04,12577,0000950142-22-001358,0000950142-22-001358,ok,full,0.0,,,,,0,0,0,0,0,0,
19811,0001807166,2024-03-31,81869,0000944480-24-000039,0000944480-24-000039,ok,full,0.0,,,,,0,0,0,0,0,0,
19811,0001807166,2024-11-13,83391,0001095449-24-000098,0001095449-24-000098,ok,full,0.0,,,,,0,0,0,0,0,0,
23415,0001807887,2023-06-26,19352,0001140361-23-033518,0001140361-23-033518,ok,full,0.0,,,,,0,0,0,0,0,0,
10517,0001808834,2022-08-22,89167,0000921895-22-002603,0000921895-22-002603,ok,full,0.0,,,,,0,0,0,0,1,1,2021-11-03
10517,0001808834,2022-11-29,81222,0001193805-22-001682,0001193805-22-001682,ok,full,0.0,,,,,0,0,0,0,0,1,2021-11-03
10517,0001808834,2023-02-10,17382,0000921895-23-000588,0000921895-23-000588,ok,full,0.0,,,,,0,0,0,0,0,1,2021-11-03
10517,0001808834,2024-03-25,21927,0001140361-24-017051,0001140361-24-017051,ok,full,0.0,,,,,0,0,0,0,0,1,2021-11-03
19542,0001810182,2023-05-24,21089,0001214659-23-008178,0001214659-23-008178,ok,full,0.0,,,,,0,0,0,0,0,0,
19542,0001810182,2024-02-15,23432,0001072613-24-000265,0001072613-24-000265,ok,full,0.0,,,,,0,0,0,0,0,0,
20574,0001814140,2023-06-21,82848,0001493152-23-025154,0001493152-23-025154,ok,full,1.0,2023-06-30,DEFM14A,A,0001437749-23-019040,2,0,0,0,0,0,
20796,0001819411,2024-03-25,17358,0000902664-24-002747,0000902664-24-002747,ok,full,0.0,,,,,0,0,0,0,0,0,
20059,0001823239,2023-08-22,14467,0001140361-23-042206,0001140361-23-042206,ok,full,0.0,,,,,0,0,0,0,0,0,
20602,0001823383,2022-02-04,19602,0000950142-22-000628,0000950142-22-000628,ok,full,1.0,2022-05-12,DEFM14A,A,0001493152-22-012965,1,0,0,2,1,1,2022-01-04
20443,0001824888,2022-07-27,89317,0001010549-22-000187,0001010549-22-000187,ok,full,0.0,,,,,0,0,0,0,0,0,
23268,0001825452,2023-07-31,15662,0001104659-23-089712,0001104659-23-089712,ok,full,0.0,,,,,0,0,0,0,0,0,
20818,0001826671,2023-03-23,20818,0001213900-23-026269,0001213900-23-026269,ok,full,0.0,,,,,0,0,0,0,0,0,
20818,0001826671,2023-08-08,46834,0001062993-23-016502,0001062993-23-016502,ok,full,0.0,,,,,0,0,0,0,0,0,
20280,0001826892,2022-02-14,89445,0001104659-22-026456,0001104659-22-026456,ok,full,0.0,,,,,0,0,0,0,0,0,
20280,0001826892,2023-08-04,19568,0001123292-23-000096,0001123292-23-000096,ok,full,0.0,,,,,0,0,0,0,0,0,
20280,0001826892,2024-03-06,13798,0001213900-24-025263,0001213900-24-025263,ok,full,0.0,,,,,0,0,0,0,0,0,
22800,0001829322,2023-02-24,80014,0001193805-23-000307,0001193805-23-000307,ok,full,1.0,2023-12-28,DEFM14A,A,0001213900-23-099048,1,0,0,4,1,1,2022-10-28
21026,0001832332,2023-01-04,19556,0000919574-23-000087,0000919574-23-000087,ok,full,0.0,,,,,0,0,0,0,0,0,
20844,0001832415,2022-04-07,19948,0001140361-22-014899,0001140361-22-014899,ok,full,0.0,,,,,0,0,0,0,1,1,2021-11-03
20996,0001835378,2022-07-19,21737,0001140361-22-027287,0001140361-22-027287,ok,full,0.0,,,,,0,0,0,0,0,0,
21120,0001837686,2022-02-22,88174,0001193805-22-000401,0001193805-22-000401,ok,full,0.0,,,,,0,0,0,0,0,0,
21120,0001837686,2023-05-25,85177,0001085146-23-002486,0001085146-23-002486,ok,full,0.0,,,,,0,0,0,0,0,0,
21123,0001841156,2021-12-30,18573,0000921895-22-000839,0000921895-22-000839,ok,full,0.0,,,,,0,0,0,0,0,0,
21123,0001841156,2023-04-14,87227,0000921895-23-000931,0000921895-23-000931,ok,full,0.0,,,,,0,0,0,0,0,0,
20831,0001841873,2023-03-03,20953,0001213900-23-040864,0001213900-23-040864,ok,full,0.0,,,,,0,0,0,0,0,0,
22196,0001842952,2022-05-22,21939,0001493152-22-015556,0001493152-22-015556,ok,full,0.0,,,,,0,0,0,0,0,0,
22196,0001842952,2024-03-26,18217,0001493152-24-013076,0001493152-24-013076,ok,full,0.0,,,,,0,0,0,0,0,0,
21372,0001856314,2024-10-14,19565,0000902664-24-005919,0000902664-24-005919,ok,full,0.0,,,,,0,0,0,0,0,0,
22301,0001856365,2024-02-07,90718,0001999371-24-001967,0001999371-24-001967,ok,full,0.0,,,,,0,0,0,0,0,0,
22245,0001860782,2022-02-14,89445,0001104659-22-026456,0001104659-22-026456,ok,full,0.0,,,,,0,0,0,0,0,0,
22003,0001863105,2022-12-08,20195,0001193125-22-307453,0001193125-22-307453,ok,full,1.0,2023-10-23,8-K,A,0001193125-23-260915,2,0,0,0,0,0,
22296,0001867066,2022-05-19,93339,0000902664-22-003090,0000902664-22-003090,ok,full,0.0,,,,,0,0,0,0,0,0,
22296,0001867066,2023-06-02,21939,0001213900-23-047253,0001213900-23-047253,ok,full,0.0,,,,,0,0,0,0,0,0,
22092,0001867072,2022-09-26,90276,0001140361-22-035866,0001140361-22-035866,ok,full,0.0,,,,,0,0,0,0,0,0,
22343,0001872525,2022-07-22,16173,0001013594-22-000547,0001013594-22-000547,ok,full,0.0,,,,,0,0,0,0,0,0,
24591,0001873875,2024-05-22,11292,0001744329-24-000003,0001744329-24-000003,ok,full,0.0,,,,,0,0,0,0,0,0,
24591,0001873875,2024-10-14,24814,0001520138-24-000357,0001520138-24-000357,ok,full,0.0,,,,,0,0,0,0,0,0,
22671,0001881592,2024-04-18,92807,0001437749-24-012669,0001437749-24-012669,ok,full,0.0,,,,,0,0,0,0,0,0,
23513,0001886894,2023-07-24,87508,0001493152-23-025513,0001493152-23-025513,ok,full,0.0,,,,,0,0,0,0,0,0,
22776,0001892322,2023-07-24,87508,0001493152-23-025513,0001493152-23-025513,ok,full,0.0,,,,,0,0,0,0,0,0,
23062,0001894954,2022-07-13,18670,0001493152-22-019850,0001493152-22-019850,ok,full,0.0,,,,,0,0,0,0,0,0,
23062,0001894954,2023-08-17,84607,0000921895-23-002068,0000921895-23-002068,ok,full,0.0,,,,,0,0,0,0,0,0,
23731,0001895618,2024-03-31,81869,0000944480-24-000039,0000944480-24-000039,ok,full,0.0,,,,,0,0,0,0,0,0,
23223,0001914605,2023-06-01,88984,0001137547-23-000062,0001137547-23-000062,ok,full,0.0,,,,,0,0,0,0,0,0,
23223,0001914605,2024-02-07,90718,0001999371-24-001967,0001999371-24-001967,ok,full,0.0,,,,,0,0,0,0,0,0,
23509,0001921865,2023-08-08,20588,0001104659-23-093555,0001104659-23-093555,ok,full,0.0,,,,,0,0,0,0,0,0,
24079,0001946563,2024-09-24,22767,0001213900-24-084092,0001213900-24-084092,ok,full,0.0,,,,,0,0,0,0,0,0,
24286,0001951276,2024-08-19,79734,0001013594-24-000674,0001013594-24-000674,ok,full,0.0,,,,,0,0,0,0,0,0,
