pseudo_date,n_treated_pre,n_treated_post,two_sided_treated_support
2021-07-01,0,238,0
2021-07-02,0,238,0
2021-07-06,0,238,0
2021-07-07,0,238,0
2021-07-08,0,238,0
2021-07-09,0,238,0
2021-07-12,0,238,0
2021-07-13,0,238,0
2021-07-14,0,238,0
2021-07-15,0,238,0
2021-07-16,0,238,0
2021-07-19,0,238,0
2021-07-20,0,238,0
2021-07-21,0,238,0
2021-07-22,0,238,0
2021-07-23,0,238,0
2021-07-26,0,238,0
2021-07-27,0,238,0
2021-07-28,0,238,0
2021-07-29,0,238,0
2021-07-30,0,238,0
2021-08-02,0,238,0
2021-08-03,0,238,0
2021-08-04,0,238,0
2021-08-05,0,238,0
2021-08-06,0,238,0
2021-08-09,0,238,0
2021-08-10,0,238,0
2021-08-11,0,238,0
2021-08-12,0,238,0
2021-08-13,0,238,0
2021-08-16,0,238,0
2021-08-17,0,238,0
2021-08-18,0,238,0
2021-08-19,0,238,0
2021-08-20,0,238,0
2021-08-23,0,238,0
2021-08-24,0,238,0
2021-08-25,0,238,0
2021-08-26,0,238,0
2021-08-27,0,238,0
2021-08-30,0,238,0
2021-08-31,0,238,0
2021-09-01,0,238,0
2021-09-02,0,238,0
2021-09-03,0,238,0
2021-09-07,0,238,0
2021-09-08,0,238,0
2021-09-09,0,238,0
2021-09-10,0,238,0
2021-09-13,0,238,0
2021-09-14,0,238,0
2021-09-15,0,238,0
2021-09-16,0,238,0
2021-09-17,0,238,0
2021-09-20,0,238,0
2021-09-21,0,238,0
2021-09-22,0,238,0
2021-09-23,0,238,0
2021-09-24,0,238,0
2021-09-27,0,238,0
2021-09-28,0,238,0
2021-09-29,0,238,0
2021-09-30,0,238,0
2021-10-01,0,238,0
2021-10-04,0,238,0
2021-10-05,0,238,0
2021-10-06,0,238,0
2021-10-07,0,238,0
2021-10-08,0,238,0
2021-10-12,0,238,0
2021-10-13,0,238,0
2021-10-14,0,238,0
2021-10-15,0,238,0
2021-10-18,0,238,0
2021-10-19,0,238,0
2021-10-20,0,238,0
2021-10-21,0,238,0
2021-10-22,0,238,0
2021-10-25,0,238,0
2021-10-26,0,238,0
2021-10-27,0,238,0
2021-10-28,0,238,0
2021-10-29,0,238,0
2021-11-01,0,238,0
2021-11-02,0,238,0
2021-11-03,0,238,0
2021-11-04,0,238,0
2021-11-05,0,238,0
2021-11-08,0,238,0
2021-11-09,0,238,0
2021-11-10,0,238,0
2021-11-12,0,238,0
2021-11-15,0,238,0
2021-11-16,0,238,0
2021-11-17,0,238,0
2021-11-18,0,238,0
2021-11-19,0,238,0
2021-11-22,0,238,0
2021-11-23,0,238,0
2021-11-24,0,238,0
2021-11-26,0,238,0
2021-11-29,0,238,0
2021-11-30,0,238,0
2021-12-01,1,237,1
2021-12-02,1,237,1
2021-12-03,1,237,1
2021-12-06,1,237,1
2021-12-07,1,237,1
2021-12-08,1,237,1
2021-12-09,1,237,1
2021-12-10,1,237,1
2021-12-13,1,237,1
2021-12-14,2,236,1
2021-12-15,2,236,1
2021-12-16,2,236,1
2021-12-17,2,236,1
2021-12-20,2,236,1
2021-12-21,2,236,1
2021-12-22,2,236,1
2021-12-23,2,236,1
2021-12-27,2,236,1
2021-12-28,2,236,1
2021-12-29,4,234,1
2021-12-30,5,233,1
2022-01-03,10,228,1
2022-01-04,10,228,1
2022-01-05,10,228,1
2022-01-06,11,227,1
2022-01-07,12,226,1
2022-01-10,12,226,1
2022-01-11,13,225,1
2022-01-12,13,225,1
2022-01-13,13,225,1
2022-01-14,13,225,1
2022-01-18,13,225,1
2022-01-19,13,225,1
2022-01-20,13,225,1
2022-01-21,13,225,1
2022-01-24,13,225,1
2022-01-25,14,224,1
2022-01-26,15,223,1
2022-01-27,16,222,1
2022-01-28,19,219,1
2022-01-31,19,219,1
2022-02-01,19,219,1
2022-02-02,19,219,1
2022-02-03,20,218,1
2022-02-04,21,217,1
2022-02-07,22,216,1
2022-02-08,22,216,1
2022-02-09,22,216,1
2022-02-10,22,216,1
2022-02-11,22,216,1
2022-02-14,23,215,1
2022-02-15,24,214,1
2022-02-16,25,213,1
2022-02-17,25,213,1
2022-02-18,25,213,1
2022-02-22,25,213,1
2022-02-23,26,212,1
2022-02-24,29,209,1
2022-02-25,29,209,1
2022-02-28,29,209,1
2022-03-01,30,208,1
2022-03-02,30,208,1
2022-03-03,31,207,1
2022-03-04,31,207,1
2022-03-07,31,207,1
2022-03-08,32,206,1
2022-03-09,32,206,1
2022-03-10,32,206,1
2022-03-11,33,205,1
2022-03-14,34,204,1
2022-03-15,34,204,1
2022-03-16,35,203,1
2022-03-17,35,203,1
2022-03-18,35,203,1
2022-03-21,36,202,1
2022-03-22,38,200,1
2022-03-23,40,198,1
2022-03-24,40,198,1
2022-03-25,40,198,1
2022-03-28,40,198,1
2022-03-29,42,196,1
2022-03-30,42,196,1
2022-03-31,42,196,1
2022-04-01,43,195,1
2022-04-04,45,193,1
2022-04-05,47,191,1
2022-04-06,47,191,1
2022-04-07,47,191,1
2022-04-08,47,191,1
2022-04-11,47,191,1
2022-04-12,48,190,1
2022-04-13,50,188,1
2022-04-14,50,188,1
2022-04-15,51,187,1
2022-04-18,51,187,1
2022-04-19,51,187,1
2022-04-20,51,187,1
2022-04-21,52,186,1
2022-04-22,52,186,1
2022-04-25,52,186,1
2022-04-26,52,186,1
2022-04-27,52,186,1
2022-04-28,53,185,1
2022-04-29,53,185,1
2022-05-02,53,185,1
2022-05-03,54,184,1
2022-05-04,54,184,1
2022-05-05,54,184,1
2022-05-06,54,184,1
2022-05-09,55,183,1
2022-05-10,55,183,1
2022-05-11,55,183,1
2022-05-12,55,183,1
2022-05-13,56,182,1
2022-05-16,56,182,1
2022-05-17,56,182,1
2022-05-18,56,182,1
2022-05-19,58,180,1
2022-05-20,61,177,1
2022-05-23,62,176,1
2022-05-24,63,175,1
2022-05-25,63,175,1
2022-05-26,63,175,1
2022-05-27,63,175,1
2022-05-31,63,175,1
2022-06-01,64,174,1
2022-06-02,66,172,1
2022-06-03,67,171,1
2022-06-06,67,171,1
2022-06-07,67,171,1
2022-06-08,68,170,1
2022-06-09,68,170,1
2022-06-10,68,170,1
2022-06-13,68,170,1
2022-06-14,69,169,1
2022-06-15,69,169,1
2022-06-16,69,169,1
2022-06-17,69,169,1
2022-06-21,70,168,1
2022-06-22,73,165,1
2022-06-23,73,165,1
2022-06-24,73,165,1
2022-06-27,74,164,1
2022-06-28,74,164,1
2022-06-29,74,164,1
2022-06-30,74,164,1
2022-07-01,74,164,1
2022-07-05,76,162,1
2022-07-06,77,161,1
2022-07-07,78,160,1
2022-07-08,79,159,1
2022-07-11,79,159,1
2022-07-12,80,158,1
2022-07-13,80,158,1
2022-07-14,82,156,1
2022-07-15,83,155,1
2022-07-18,83,155,1
2022-07-19,83,155,1
2022-07-20,85,153,1
2022-07-21,85,153,1
2022-07-22,86,152,1
2022-07-25,87,151,1
2022-07-26,87,151,1
2022-07-27,88,150,1
2022-07-28,90,148,1
2022-07-29,90,148,1
2022-08-01,90,148,1
2022-08-02,90,148,1
2022-08-03,90,148,1
2022-08-04,90,148,1
2022-08-05,90,148,1
2022-08-08,90,148,1
2022-08-09,90,148,1
2022-08-10,92,146,1
2022-08-11,93,145,1
2022-08-12,93,145,1
2022-08-15,95,143,1
2022-08-16,95,143,1
2022-08-17,96,142,1
2022-08-18,96,142,1
2022-08-19,96,142,1
2022-08-22,96,142,1
2022-08-23,97,141,1
2022-08-24,98,140,1
2022-08-25,98,140,1
2022-08-26,98,140,1
2022-08-29,99,139,1
2022-08-30,99,139,1
2022-08-31,99,139,1
2022-09-01,99,139,1
2022-09-02,99,139,1
2022-09-06,99,139,1
2022-09-07,99,139,1
2022-09-08,100,138,1
2022-09-09,100,138,1
2022-09-12,100,138,1
2022-09-13,101,137,1
2022-09-14,102,136,1
2022-09-15,102,136,1
2022-09-16,102,136,1
2022-09-19,102,136,1
2022-09-20,102,136,1
2022-09-21,103,135,1
2022-09-22,104,134,1
2022-09-23,104,134,1
2022-09-26,105,133,1
2022-09-27,106,132,1
2022-09-28,107,131,1
2022-09-29,108,130,1
2022-09-30,109,129,1
2022-10-03,110,128,1
2022-10-04,110,128,1
2022-10-05,110,128,1
2022-10-06,110,128,1
2022-10-07,110,128,1
2022-10-11,111,127,1
2022-10-12,112,126,1
2022-10-13,112,126,1
2022-10-14,112,126,1
2022-10-17,113,125,1
2022-10-18,113,125,1
2022-10-19,113,125,1
2022-10-20,113,125,1
2022-10-21,113,125,1
2022-10-24,114,124,1
2022-10-25,114,124,1
2022-10-26,114,124,1
2022-10-27,114,124,1
2022-10-28,114,124,1
2022-10-31,115,123,1
2022-11-01,115,123,1
2022-11-02,115,123,1
2022-11-03,116,122,1
2022-11-04,116,122,1
2022-11-07,116,122,1
2022-11-08,116,122,1
2022-11-09,117,121,1
2022-11-10,119,119,1
2022-11-14,122,116,1
2022-11-15,124,114,1
2022-11-16,124,114,1
2022-11-17,124,114,1
2022-11-18,124,114,1
2022-11-21,125,113,1
2022-11-22,126,112,1
2022-11-23,126,112,1
2022-11-25,126,112,1
2022-11-28,126,112,1
2022-11-29,126,112,1
2022-11-30,128,110,1
2022-12-01,129,109,1
2022-12-02,129,109,1
2022-12-05,129,109,1
2022-12-06,129,109,1
2022-12-07,129,109,1
2022-12-08,130,108,1
2022-12-09,131,107,1
2022-12-12,131,107,1
2022-12-13,132,106,1
2022-12-14,134,104,1
2022-12-15,134,104,1
2022-12-16,134,104,1
2022-12-19,134,104,1
2022-12-20,136,102,1
2022-12-21,137,101,1
2022-12-22,137,101,1
2022-12-23,137,101,1
2022-12-27,138,100,1
2022-12-28,138,100,1
2022-12-29,138,100,1
2022-12-30,138,100,1
2023-01-03,140,98,1
2023-01-04,140,98,1
2023-01-05,141,97,1
2023-01-06,141,97,1
2023-01-09,141,97,1
2023-01-10,142,96,1
2023-01-11,142,96,1
2023-01-12,142,96,1
2023-01-13,142,96,1
2023-01-17,142,96,1
2023-01-18,142,96,1
2023-01-19,142,96,1
2023-01-20,144,94,1
2023-01-23,145,93,1
2023-01-24,145,93,1
2023-01-25,145,93,1
2023-01-26,148,90,1
2023-01-27,148,90,1
2023-01-30,148,90,1
2023-01-31,149,89,1
2023-02-01,150,88,1
2023-02-02,151,87,1
2023-02-03,151,87,1
2023-02-06,151,87,1
2023-02-07,152,86,1
2023-02-08,152,86,1
2023-02-09,153,85,1
2023-02-10,155,83,1
2023-02-13,156,82,1
2023-02-14,158,80,1
2023-02-15,158,80,1
2023-02-16,158,80,1
2023-02-17,158,80,1
2023-02-21,158,80,1
2023-02-22,158,80,1
2023-02-23,158,80,1
2023-02-24,158,80,1
2023-02-27,158,80,1
2023-02-28,158,80,1
2023-03-01,158,80,1
2023-03-02,159,79,1
2023-03-03,159,79,1
2023-03-06,161,77,1
2023-03-07,161,77,1
2023-03-08,161,77,1
2023-03-09,162,76,1
2023-03-10,163,75,1
2023-03-13,163,75,1
2023-03-14,163,75,1
2023-03-15,164,74,1
2023-03-16,164,74,1
2023-03-17,165,73,1
2023-03-20,165,73,1
2023-03-21,165,73,1
2023-03-22,165,73,1
2023-03-23,165,73,1
2023-03-24,166,72,1
2023-03-27,166,72,1
2023-03-28,166,72,1
2023-03-29,166,72,1
2023-03-30,166,72,1
2023-03-31,167,71,1
2023-04-03,167,71,1
2023-04-04,167,71,1
2023-04-05,167,71,1
2023-04-06,167,71,1
2023-04-07,168,70,1
2023-04-10,168,70,1
2023-04-11,168,70,1
2023-04-12,168,70,1
2023-04-13,169,69,1
2023-04-14,169,69,1
2023-04-17,170,68,1
2023-04-18,170,68,1
2023-04-19,170,68,1
2023-04-20,170,68,1
2023-04-21,170,68,1
2023-04-24,170,68,1
2023-04-25,171,67,1
2023-04-26,171,67,1
2023-04-27,171,67,1
2023-04-28,171,67,1
2023-05-01,171,67,1
2023-05-02,171,67,1
2023-05-03,172,66,1
2023-05-04,172,66,1
2023-05-05,172,66,1
2023-05-08,173,65,1
2023-05-09,174,64,1
2023-05-10,175,63,1
2023-05-11,176,62,1
2023-05-12,177,61,1
2023-05-15,177,61,1
2023-05-16,177,61,1
2023-05-17,178,60,1
2023-05-18,178,60,1
2023-05-19,179,59,1
2023-05-22,180,58,1
2023-05-23,181,57,1
2023-05-24,181,57,1
2023-05-25,183,55,1
2023-05-26,185,53,1
2023-05-30,189,49,1
2023-05-31,189,49,1
2023-06-01,189,49,1
2023-06-02,190,48,1
2023-06-05,191,47,1
2023-06-06,191,47,1
2023-06-07,192,46,1
2023-06-08,192,46,1
2023-06-09,192,46,1
2023-06-12,193,45,1
2023-06-13,194,44,1
2023-06-14,194,44,1
2023-06-15,194,44,1
2023-06-16,195,43,1
2023-06-20,197,41,1
2023-06-21,197,41,1
2023-06-22,199,39,1
2023-06-23,199,39,1
2023-06-26,199,39,1
2023-06-27,200,38,1
2023-06-28,200,38,1
2023-06-29,200,38,1
2023-06-30,200,38,1
2023-07-03,200,38,1
2023-07-05,200,38,1
2023-07-06,200,38,1
2023-07-07,200,38,1
2023-07-10,200,38,1
2023-07-11,200,38,1
2023-07-12,200,38,1
2023-07-13,200,38,1
2023-07-14,200,38,1
2023-07-17,200,38,1
2023-07-18,200,38,1
2023-07-19,200,38,1
2023-07-20,201,37,1
2023-07-21,201,37,1
2023-07-24,203,35,1
2023-07-25,204,34,1
2023-07-26,204,34,1
2023-07-27,204,34,1
2023-07-28,204,34,1
2023-07-31,205,33,1
2023-08-01,206,32,1
2023-08-02,206,32,1
2023-08-03,206,32,1
2023-08-04,207,31,1
2023-08-07,208,30,1
2023-08-08,209,29,1
2023-08-09,212,26,1
2023-08-10,213,25,1
2023-08-11,213,25,1
2023-08-14,214,24,1
2023-08-15,215,23,1
2023-08-16,216,22,1
2023-08-17,218,20,1
2023-08-18,219,19,1
2023-08-21,220,18,1
2023-08-22,222,16,1
2023-08-23,225,13,1
2023-08-24,226,12,1
2023-08-25,226,12,1
2023-08-28,226,12,1
2023-08-29,226,12,1
2023-08-30,226,12,1
2023-08-31,226,12,1
2023-09-01,228,10,1
2023-09-05,228,10,1
2023-09-06,229,9,1
2023-09-07,229,9,1
2023-09-08,229,9,1
2023-09-11,230,8,1
2023-09-12,230,8,1
2023-09-13,230,8,1
2023-09-14,230,8,1
2023-09-15,230,8,1
2023-09-18,231,7,1
2023-09-19,231,7,1
2023-09-20,231,7,1
2023-09-21,231,7,1
2023-09-22,231,7,1
2023-09-25,231,7,1
2023-09-26,231,7,1
2023-09-27,232,6,1
2023-09-28,235,3,1
2023-09-29,235,3,1
2023-10-02,235,3,1
2023-10-03,236,2,1
2023-10-04,236,2,1
2023-10-05,238,0,0
2023-10-06,238,0,0
