form,company,cik,date_filed,edgar_path,window,accession,filed,subject_cik,filer_cik,event,pct_of_class,has_xml,delay_bdays,delay_cdays
SC 13D,325 CAPITAL LLC,1873893,2023-06-09,edgar/data/1873893/0001214659-23-008382.txt,"pre (2023Q2-Q3, 10-calendar-day rule)",0001214659-23-008382,2023-06-09,0000918251,0001873893,,1.4,False,,
SC 13D,"ACM Research, Inc.",1680062,2023-06-13,edgar/data/1680062/0001193805-23-000851.txt,"pre (2023Q2-Q3, 10-calendar-day rule)",0001193805-23-000851,2023-06-13,0001680062,0001981092,2023-05-29,6.3,False,11.0,15.0
SC 13D,ALGONQUIN POWER & UTILITIES CORP.,1174169,2023-06-30,edgar/data/1174169/0001193805-23-000930.txt,"pre (2023Q2-Q3, 10-calendar-day rule)",0001193805-23-000930,2023-06-30,0001174169,0001517137,2023-06-20,5.0,False,8.0,10.0
SC 13D,ALTA EQUIPMENT GROUP INC.,1759824,2023-05-19,edgar/data/1759824/0001193125-23-149422.txt,"pre (2023Q2-Q3, 10-calendar-day rule)",0001193125-23-149422,2023-05-19,0001759824,0001767199,,5.0,False,,
SC 13D,"ATI Physical Therapy, Inc.",1815849,2023-06-26,edgar/data/1815849/0000950103-23-009277.txt,"pre (2023Q2-Q3, 10-calendar-day rule)",0000950103-23-009277,2023-06-26,0001815849,0000937226,2023-06-15,15.4,False,7.0,11.0
SC 13D,Apollomics Inc.,1944885,2023-04-12,edgar/data/1944885/0000947871-23-000450.txt,"pre (2023Q2-Q3, 10-calendar-day rule)",0000947871-23-000450,2023-04-12,0001944885,0001055951,2023-03-29,10.3,False,10.0,14.0
SC 13D,Atlantic Coastal Acquisition Corp. II,1893219,2023-04-20,edgar/data/1893219/0001193125-23-106986.txt,"pre (2023Q2-Q3, 10-calendar-day rule)",0001193125-23-106986,2023-04-20,0001893219,0001893205,,65.8,False,,
SC 13D,Automobile Services Group Ltd,1978272,2023-05-30,edgar/data/1978272/0001213900-23-043991.txt,"pre (2023Q2-Q3, 10-calendar-day rule)",0001213900-23-043991,2023-05-30,0001936804,0001978272,,77.4,False,,
SC 13D,BANK OF AMERICA CORP /DE/,70858,2023-06-07,edgar/data/70858/0001140361-23-028749.txt,"pre (2023Q2-Q3, 10-calendar-day rule)",0001140361-23-028749,2023-06-07,0001258943,0000070858,2023-05-30,2.59,False,6.0,8.0
SC 13D,Black Robe Capital LLC,1977553,2023-05-23,edgar/data/1977553/0001193125-23-151524.txt,"pre (2023Q2-Q3, 10-calendar-day rule)",0001193125-23-151524,2023-05-23,0001042418,0001977553,,11.7,False,,
SC 13D,Bleichroeder LP,1781002,2023-05-08,edgar/data/1781002/0001781002-23-000034.txt,"pre (2023Q2-Q3, 10-calendar-day rule)",0001781002-23-000034,2023-05-08,0001036044,0001781002,2023-04-28,12.5,False,6.0,10.0
SC 13D,Bravo Multinational Inc.,1444839,2023-06-05,edgar/data/1444839/0001091818-23-000105.txt,"pre (2023Q2-Q3, 10-calendar-day rule)",0001091818-23-000105,2023-06-05,0001444839,0001976045,2023-04-11,,False,39.0,55.0
SC 13D,Brewster David B,1399290,2023-06-13,edgar/data/1399290/0000950170-23-027597.txt,"pre (2023Q2-Q3, 10-calendar-day rule)",0000950170-23-027597,2023-06-13,0001822691,0001399290,2023-05-29,0.11,False,11.0,15.0
SC 13D,Burke Robert David,1973753,2023-04-14,edgar/data/1973753/0001477932-23-002546.txt,"pre (2023Q2-Q3, 10-calendar-day rule)",0001477932-23-002546,2023-04-14,0001622057,0001973753,2023-04-14,16.7,False,0.0,0.0
SC 13D,CONTINENTAL GENERAL INSURANCE CO,24046,2023-04-24,edgar/data/24046/0000921895-23-000932.txt,"pre (2023Q2-Q3, 10-calendar-day rule)",0000921895-23-000932,2023-04-24,0001635984,0000024046,2023-04-24,1.0,False,0.0,0.0
SC 13D,Eagle Point Credit Co Inc.,1604174,2023-04-04,edgar/data/1604174/0001193125-23-091045.txt,"pre (2023Q2-Q3, 10-calendar-day rule)",0001193125-23-091045,2023-04-04,0001604174,0001909258,,10.6,False,,
SC 13D,"Elicio Therapeutics, Inc.",1601485,2023-06-14,edgar/data/1601485/0001068238-23-000119.txt,"pre (2023Q2-Q3, 10-calendar-day rule)",0001068238-23-000119,2023-06-14,0001601485,0001977769,2023-06-01,8.4,False,9.0,13.0
SC 13D,Enochian Biosciences Inc,1527728,2023-05-19,edgar/data/1527728/0001214659-23-007572.txt,"pre (2023Q2-Q3, 10-calendar-day rule)",0001214659-23-007572,2023-05-19,0001527728,0001753085,,48.5,False,,
SC 13D,"Forager Fund, L.P.",1539281,2023-06-06,edgar/data/1539281/0001654954-23-007663.txt,"pre (2023Q2-Q3, 10-calendar-day rule)",0001654954-23-007663,2023-06-06,0001370450,0001539281,2023-06-06,11.3,False,0.0,0.0
SC 13D,"Franchise Group, Inc.",1528930,2023-05-11,edgar/data/1528930/0001213900-23-038595.txt,"pre (2023Q2-Q3, 10-calendar-day rule)",0001213900-23-038595,2023-05-11,0001528930,0001207269,2023-05-10,1.0,False,1.0,1.0
SC 13D,G-Star Management Corp,1901476,2023-05-05,edgar/data/1901476/0001829126-23-003120.txt,"pre (2023Q2-Q3, 10-calendar-day rule)",0001829126-23-003120,2023-05-05,0001895144,0001901476,,22.88,False,,
SC 13D,"GAMCO INVESTORS, INC. ET AL",807249,2023-04-10,edgar/data/807249/0000807249-23-000039.txt,"pre (2023Q2-Q3, 10-calendar-day rule)",0000807249-23-000039,2023-04-10,0000923571,0000807249,2023-03-31,3.31,False,6.0,10.0
SC 13D,GELLER MARSHALL S,925236,2023-06-08,edgar/data/925236/0001214659-23-008365.txt,"pre (2023Q2-Q3, 10-calendar-day rule)",0001214659-23-008365,2023-06-08,0001104038,0000925236,2023-05-12,5.1,False,19.0,27.0
SC 13D,GILL JAGROOP,1981173,2023-06-12,edgar/data/1981173/0001137547-23-000062.txt,"pre (2023Q2-Q3, 10-calendar-day rule)",0001137547-23-000062,2023-06-12,0001137547,0001981173,2023-06-01,0.0,False,7.0,11.0
SC 13D,GLORY STAR NEW MEDIA GROUP HOLDINGS Ltd,1738758,2023-05-19,edgar/data/1738758/0001213900-23-041299.txt,"pre (2023Q2-Q3, 10-calendar-day rule)",0001213900-23-041299,2023-05-19,0001738758,0001978353,,21.8,False,,
SC 13D,GoldMining Inc.,1538847,2023-04-28,edgar/data/1538847/0001493152-23-014037.txt,"pre (2023Q2-Q3, 10-calendar-day rule)",0001493152-23-014037,2023-04-28,0001947244,0001538847,2023-04-21,80.7,False,5.0,7.0
SC 13D,"GreenLight Biosciences Holdings, PBC",1822691,2023-06-06,edgar/data/1822691/0000950170-23-026620.txt,"pre (2023Q2-Q3, 10-calendar-day rule)",0000950170-23-026620,2023-06-06,0001822691,0001908352,2023-05-29,0.02,False,6.0,8.0
SC 13D,"GreenLight Biosciences Holdings, PBC",1822691,2023-06-08,edgar/data/1822691/0000897069-23-000705.txt,"pre (2023Q2-Q3, 10-calendar-day rule)",0000897069-23-000705,2023-06-08,0001822691,0001980020,2023-05-29,2.59,False,8.0,10.0
SC 13D,"GreenLight Biosciences Holdings, PBC",1822691,2023-06-08,edgar/data/1822691/0000950170-23-026942.txt,"pre (2023Q2-Q3, 10-calendar-day rule)",0000950170-23-026942,2023-06-08,0001822691,0001980543,2023-05-29,0.0,False,8.0,10.0
SC 13D,"GreenLight Biosciences Holdings, PBC",1822691,2023-06-08,edgar/data/1822691/0000950170-23-026946.txt,"pre (2023Q2-Q3, 10-calendar-day rule)",0000950170-23-026946,2023-06-08,0001822691,0001980394,2023-05-29,0.66,False,8.0,10.0
SC 13D,"GreenLight Biosciences Holdings, PBC",1822691,2023-06-08,edgar/data/1822691/0000950170-23-026992.txt,"pre (2023Q2-Q3, 10-calendar-day rule)",0000950170-23-026992,2023-06-08,0001822691,0001980597,2023-05-29,0.0,False,8.0,10.0
SC 13D,"GreenLight Biosciences Holdings, PBC",1822691,2023-06-08,edgar/data/1822691/0001104659-23-069402.txt,"pre (2023Q2-Q3, 10-calendar-day rule)",0001104659-23-069402,2023-06-08,0001822691,0001980229,,,False,,
SC 13D,"GreenLight Biosciences Holdings, PBC",1822691,2023-06-08,edgar/data/1822691/0001980073-23-000003.txt,"pre (2023Q2-Q3, 10-calendar-day rule)",0001980073-23-000003,2023-06-08,0001822691,0001980073,2023-05-29,0.02,False,8.0,10.0
SC 13D,"GreenLight Biosciences Holdings, PBC",1822691,2023-06-14,edgar/data/1822691/0001193125-23-166204.txt,"pre (2023Q2-Q3, 10-calendar-day rule)",0001193125-23-166204,2023-06-14,0001822691,0001981286,,,False,,
SC 13D,"GreenLight Biosciences Holdings, PBC",1822691,2023-06-22,edgar/data/1822691/0000950170-23-029276.txt,"pre (2023Q2-Q3, 10-calendar-day rule)",0000950170-23-029276,2023-06-22,0001822691,0001981573,2023-05-29,0.0,False,18.0,24.0
SC 13D,"HHEP-Directional, L.P.",1662112,2023-06-30,edgar/data/1662112/0001193125-23-180524.txt,"pre (2023Q2-Q3, 10-calendar-day rule)",0001193125-23-180524,2023-06-30,0001884516,0001662112,,53.5,False,,
SC 13D,Iwuchukwu Ifeyinwa Jane,1980454,2023-06-08,edgar/data/1980454/0000950170-23-026957.txt,"pre (2023Q2-Q3, 10-calendar-day rule)",0000950170-23-026957,2023-06-08,0001822691,0001980454,2023-05-29,0.01,False,8.0,10.0
SC 13D,KKR FS Income Trust,1930679,2023-05-31,edgar/data/1930679/0001193125-23-157906.txt,"pre (2023Q2-Q3, 10-calendar-day rule)",0001193125-23-157906,2023-05-31,0001930679,0001697432,,28.6,False,,
SC 13D,Kensington Capital Sponsor V LLC,1876530,2023-04-18,edgar/data/1876530/0001140361-23-018752.txt,"pre (2023Q2-Q3, 10-calendar-day rule)",0001140361-23-018752,2023-04-18,0001865407,0001876530,2023-04-06,2.59,False,8.0,12.0
SC 13D,Kovalik Edward,1606277,2023-05-15,edgar/data/1606277/0001493152-23-017534.txt,"pre (2023Q2-Q3, 10-calendar-day rule)",0001493152-23-017534,2023-05-15,0001162896,0001606277,2023-05-03,39.12,False,8.0,12.0
SC 13D,LEDECKY JONATHAN J,1008382,2023-05-17,edgar/data/1008382/0001213900-23-040864.txt,"pre (2023Q2-Q3, 10-calendar-day rule)",0001213900-23-040864,2023-05-17,0001835817,0001008382,2023-03-03,70.8,False,53.0,75.0
SC 13D,Liu Kelvin Chak Kwan,1909144,2023-05-19,edgar/data/1909144/0001731122-23-000981.txt,"pre (2023Q2-Q3, 10-calendar-day rule)",0001731122-23-000981,2023-05-19,0001865191,0001909144,2023-05-19,18.41,False,0.0,0.0
SC 13D,"MADRIGAL PHARMACEUTICALS, INC.",1157601,2023-06-20,edgar/data/1157601/0001104659-23-072412.txt,"pre (2023Q2-Q3, 10-calendar-day rule)",0001104659-23-072412,2023-06-20,0001157601,0001263508,2023-06-15,8.4,False,3.0,5.0
SC 13D,"MEI Pharma, Inc.",1262104,2023-05-30,edgar/data/1262104/0000921895-23-001387.txt,"pre (2023Q2-Q3, 10-calendar-day rule)",0000921895-23-001387,2023-05-30,0001262104,0001491072,2023-05-19,4.9,False,7.0,11.0
SC 13D,MFS HIGH YIELD MUNICIPAL TRUST,809844,2023-04-10,edgar/data/809844/0001062993-23-008960.txt,"pre (2023Q2-Q3, 10-calendar-day rule)",0001062993-23-008960,2023-04-10,0000809844,0001510281,2023-04-05,10.12,False,3.0,5.0
SC 13D,Magic Empire Global Ltd,1881472,2023-05-22,edgar/data/1881472/0001493152-23-018500.txt,"pre (2023Q2-Q3, 10-calendar-day rule)",0001493152-23-018500,2023-05-22,0001881472,0001934204,,36.3,False,,
SC 13D,Maynard Jason Edward,1850296,2023-06-13,edgar/data/1850296/0001193125-23-166062.txt,"pre (2023Q2-Q3, 10-calendar-day rule)",0001193125-23-166062,2023-06-13,0001179821,0001850296,,24.9,False,,
SC 13D,Milner Jonathan,1968953,2023-05-01,edgar/data/1968953/0001104659-23-053472.txt,"pre (2023Q2-Q3, 10-calendar-day rule)",0001104659-23-053472,2023-05-01,0001492074,0001968953,2023-05-01,6.4,False,0.0,0.0
SC 13D,NUVEEN NEW JERSEY QUALITY MUNICIPAL INCOME FUND,1087786,2023-04-10,edgar/data/1087786/0001062993-23-008962.txt,"pre (2023Q2-Q3, 10-calendar-day rule)",0001062993-23-008962,2023-04-10,0001087786,0001510281,2023-04-05,5.12,False,3.0,5.0
SC 13D,"National Western Life Group, Inc.",1635984,2023-04-24,edgar/data/1635984/0000921895-23-000932.txt,"pre (2023Q2-Q3, 10-calendar-day rule)",0000921895-23-000932,2023-04-24,0001635984,0000024046,2023-04-24,1.0,False,0.0,0.0
SC 13D,ONTARIO TEACHERS PENSION PLAN BOARD,937567,2023-06-09,edgar/data/937567/0001839882-23-015225.txt,"pre (2023Q2-Q3, 10-calendar-day rule)",0001839882-23-015225,2023-06-09,0000797721,0000937567,2023-05-30,9.2,False,8.0,10.0
SC 13D,ObsEva SA,1685316,2023-04-17,edgar/data/1685316/0001193125-23-103795.txt,"pre (2023Q2-Q3, 10-calendar-day rule)",0001193125-23-103795,2023-04-17,0001685316,0001731550,,9.37,False,,
SC 13D,"PANACEA LIFE SCIENCES HOLDINGS, INC.",1552189,2023-06-23,edgar/data/1552189/0001493152-23-022285.txt,"pre (2023Q2-Q3, 10-calendar-day rule)",0001493152-23-022285,2023-06-23,0001552189,0001866792,,47.0,False,,
SC 13D,"PIERIS PHARMACEUTICALS, INC.",1583648,2023-05-22,edgar/data/1583648/0000921895-23-001309.txt,"pre (2023Q2-Q3, 10-calendar-day rule)",0000921895-23-001309,2023-05-22,0001583648,0000918923,2023-05-11,11.8,False,7.0,11.0
SC 13D,Pani Corp.,1974347,2023-04-27,edgar/data/1974347/0000950157-23-000399.txt,"pre (2023Q2-Q3, 10-calendar-day rule)",0000950157-23-000399,2023-04-27,0001941131,0001974347,2023-04-17,2.59,False,8.0,10.0
SC 13D,Performance Shipping Inc.,1481241,2023-04-21,edgar/data/1481241/0001140361-23-019622.txt,"pre (2023Q2-Q3, 10-calendar-day rule)",0001140361-23-019622,2023-04-21,0001481241,0001823731,2023-02-17,2.59,False,45.0,63.0
SC 13D,"Provident Bancorp, Inc. /MD/",1778784,2023-05-15,edgar/data/1778784/0001104659-23-060964.txt,"pre (2023Q2-Q3, 10-calendar-day rule)",0001104659-23-060964,2023-05-15,0001778784,0001113303,2023-05-05,,False,6.0,10.0
SC 13D,"REGO PAYMENT ARCHITECTURES, INC.",1437283,2023-05-26,edgar/data/1437283/0001104659-23-065518.txt,"pre (2023Q2-Q3, 10-calendar-day rule)",0001104659-23-065518,2023-05-26,0001437283,0000897610,,,False,,
SC 13D,Radoff Bradley Louis,1380585,2023-05-15,edgar/data/1380585/0000921895-23-001213.txt,"pre (2023Q2-Q3, 10-calendar-day rule)",0000921895-23-001213,2023-05-15,0000849146,0001380585,2023-05-05,1.0,False,6.0,10.0
SC 13D,"RingCentral, Inc.",1384905,2023-05-26,edgar/data/1384905/0001085146-23-002488.txt,"pre (2023Q2-Q3, 10-calendar-day rule)",0001085146-23-002488,2023-05-26,0001384905,0001627436,2023-05-25,8.68,False,1.0,1.0
SC 13D,"Rubicon Technologies, Inc.",1862068,2023-06-26,edgar/data/1862068/0001387131-23-007872.txt,"pre (2023Q2-Q3, 10-calendar-day rule)",0001387131-23-007872,2023-06-26,0001862068,0001878117,,21.8,False,,
SC 13D,"SHF Holdings, Inc.",1854963,2023-04-10,edgar/data/1854963/0001493152-23-011602.txt,"pre (2023Q2-Q3, 10-calendar-day rule)",0001493152-23-011602,2023-04-10,0001854963,0001949751,2023-03-29,54.93,False,8.0,12.0
SC 13D,STEINMAN LAWRENCE,1132679,2023-06-08,edgar/data/1132679/0001213900-23-047253.txt,"pre (2023Q2-Q3, 10-calendar-day rule)",0001213900-23-047253,2023-06-08,0001841330,0001132679,2023-06-02,6.0,False,4.0,6.0
SC 13D,"Saba Capital Management, L.P.",1510281,2023-06-09,edgar/data/1510281/0001062993-23-013274.txt,"pre (2023Q2-Q3, 10-calendar-day rule)",0001062993-23-013274,2023-06-09,0001556336,0001510281,2023-06-07,5.07,False,2.0,2.0
SC 13D,Safehold Inc.,1095651,2023-04-11,edgar/data/1095651/0001341004-23-000109.txt,"pre (2023Q2-Q3, 10-calendar-day rule)",0001341004-23-000109,2023-04-11,0001095651,0000936828,2023-03-31,6.6,False,7.0,11.0
SC 13D,Sagar Rosemary,1980020,2023-06-08,edgar/data/1980020/0000897069-23-000705.txt,"pre (2023Q2-Q3, 10-calendar-day rule)",0000897069-23-000705,2023-06-08,0001822691,0001980020,2023-05-29,2.59,False,8.0,10.0
SC 13D,Sageworth Trust Co,1482688,2023-06-26,edgar/data/1482688/0001482688-23-000006.txt,"pre (2023Q2-Q3, 10-calendar-day rule)",0001482688-23-000006,2023-06-26,0001482688,0001482688,,,False,,
SC 13D,Skizim Nicholas John,1980073,2023-06-08,edgar/data/1980073/0001980073-23-000003.txt,"pre (2023Q2-Q3, 10-calendar-day rule)",0001980073-23-000003,2023-06-08,0001822691,0001980073,2023-05-29,0.02,False,8.0,10.0
SC 13D,Stagwell Inc,876883,2023-05-10,edgar/data/876883/0001193125-23-140847.txt,"pre (2023Q2-Q3, 10-calendar-day rule)",0001193125-23-140847,2023-05-10,0000876883,0001512910,,9.9,False,,
SC 13D,Stark Juergen M.,1595670,2023-05-08,edgar/data/1595670/0000894579-23-000159.txt,"pre (2023Q2-Q3, 10-calendar-day rule)",0000894579-23-000159,2023-05-08,0001493761,0001595670,2023-05-01,2.59,False,5.0,7.0
SC 13D,Stauss Kurt,1974677,2023-04-27,edgar/data/1974677/0001493152-23-013872.txt,"pre (2023Q2-Q3, 10-calendar-day rule)",0001493152-23-013872,2023-04-27,0001901297,0001974677,,17.83,False,,
SC 13D,Steinberg Michael,1980578,2023-06-08,edgar/data/1980578/0000897069-23-000703.txt,"pre (2023Q2-Q3, 10-calendar-day rule)",0000897069-23-000703,2023-06-08,0001822691,0001980578,2023-05-29,2.59,False,8.0,10.0
SC 13D,TRITON LUXTOPHOLDING SARL,1980512,2023-06-09,edgar/data/1980512/0001193125-23-164541.txt,"pre (2023Q2-Q3, 10-calendar-day rule)",0001193125-23-164541,2023-06-09,0000797721,0001980512,,,False,,
SC 13D,"TSMS, LLC",1975702,2023-06-14,edgar/data/1975702/0001091818-23-000113.txt,"pre (2023Q2-Q3, 10-calendar-day rule)",0001091818-23-000113,2023-06-14,0001444839,0001975702,2023-04-11,,False,46.0,64.0
SC 13D,Versi Group LLC,1979074,2023-06-05,edgar/data/1979074/0001839882-23-014903.txt,"pre (2023Q2-Q3, 10-calendar-day rule)",0001839882-23-014903,2023-06-05,0000887247,0001979074,2023-05-25,,False,7.0,11.0
SC 13D,"Vivo Opportunity Fund Holdings, L.P.",1930214,2023-06-01,edgar/data/1930214/0001213900-23-045092.txt,"pre (2023Q2-Q3, 10-calendar-day rule)",0001213900-23-045092,2023-06-01,0001484565,0001930214,,50.8,False,,
SC 13D,WHITE MOUNTAINS INSURANCE GROUP LTD,776867,2023-06-30,edgar/data/776867/0000950157-23-000723.txt,"pre (2023Q2-Q3, 10-calendar-day rule)",0000950157-23-000723,2023-06-30,0001818383,0000776867,2023-06-30,2.59,False,0.0,0.0
SC 13D,"Willdan Group, Inc.",1370450,2023-06-06,edgar/data/1370450/0001654954-23-007663.txt,"pre (2023Q2-Q3, 10-calendar-day rule)",0001654954-23-007663,2023-06-06,0001370450,0001539281,2023-06-06,11.3,False,0.0,0.0
SC 13D,William Anderson Wittekind,1753085,2023-05-19,edgar/data/1753085/0001214659-23-007572.txt,"pre (2023Q2-Q3, 10-calendar-day rule)",0001214659-23-007572,2023-05-19,0001527728,0001753085,,48.5,False,,
SC 13D,"AG Mortgage Investment Trust, Inc.",1514281,2023-07-25,edgar/data/1514281/0001104659-23-083895.txt,"pre (2023Q2-Q3, 10-calendar-day rule)",0001104659-23-083895,2023-07-25,0001514281,0001674356,,5.2,False,,
SC 13D,ALLIANCEBERNSTEIN NATIONAL MUNICIPAL INCOME FUND,1162027,2023-09-21,edgar/data/1162027/0001062993-23-018366.txt,"pre (2023Q2-Q3, 10-calendar-day rule)",0001062993-23-018366,2023-09-21,0001162027,0001510281,2023-09-19,5.8,False,2.0,2.0
SC 13D,"AVID TECHNOLOGY, INC.",896841,2023-08-18,edgar/data/896841/0001193125-23-215944.txt,"pre (2023Q2-Q3, 10-calendar-day rule)",0001193125-23-215944,2023-08-18,0000896841,0001941857,,16.3,False,,
SC 13D,Able View Global Inc.,1957489,2023-08-28,edgar/data/1957489/0001213900-23-071269.txt,"pre (2023Q2-Q3, 10-calendar-day rule)",0001213900-23-071269,2023-08-28,0001957489,0001990805,2023-08-17,58.7,False,7.0,11.0
SC 13D,"American Outdoor Brands, Inc.",1808997,2023-08-30,edgar/data/1808997/0001193805-23-001235.txt,"pre (2023Q2-Q3, 10-calendar-day rule)",0001193805-23-001235,2023-08-30,0001808997,0001580320,2023-08-11,4.3,False,13.0,19.0
SC 13D,"Azenta, Inc.",933974,2023-09-14,edgar/data/933974/0001104659-23-100860.txt,"pre (2023Q2-Q3, 10-calendar-day rule)",0001104659-23-100860,2023-09-14,0000933974,0001885245,2023-09-08,6.87,False,4.0,6.0
SC 13D,Barnhart Timothy W,1985365,2023-08-31,edgar/data/1985365/0001104659-23-097279.txt,"pre (2023Q2-Q3, 10-calendar-day rule)",0001104659-23-097279,2023-08-31,0001426506,0001985365,2023-07-07,17.4,False,39.0,55.0
SC 13D,Bent Bruce,1746671,2023-08-30,edgar/data/1746671/0001756125-23-001385.txt,"pre (2023Q2-Q3, 10-calendar-day rule)",0001756125-23-001385,2023-08-30,0001331421,0001746671,2023-07-12,9.0,False,35.0,49.0
SC 13D,"BioXcel Therapeutics, Inc.",1720893,2023-09-28,edgar/data/1720893/0001104659-23-104803.txt,"pre (2023Q2-Q3, 10-calendar-day rule)",0001104659-23-104803,2023-09-28,0001720893,0001651990,,,False,,
SC 13D,Boos Wayne W,1987877,2023-09-18,edgar/data/1987877/0001987877-23-000002.txt,"pre (2023Q2-Q3, 10-calendar-day rule)",0001987877-23-000002,2023-09-18,0001348362,0001987877,2023-09-01,5.56129,False,11.0,17.0
SC 13D,CAMPBELL SOUP CO,16732,2023-08-08,edgar/data/16732/0000950103-23-011730.txt,"pre (2023Q2-Q3, 10-calendar-day rule)",0000950103-23-011730,2023-08-08,0001856608,0000016732,2023-08-08,34.0,False,0.0,0.0
SC 13D,CK Wheels LLC,1994757,2023-09-26,edgar/data/1994757/0000950103-23-014029.txt,"pre (2023Q2-Q3, 10-calendar-day rule)",0000950103-23-014029,2023-09-26,0001819516,0001994757,2023-09-20,36.3,False,4.0,6.0
SC 13D,"Chicago Atlantic Credit Opportunities, LLC",1862016,2023-07-14,edgar/data/1862016/0001213900-23-056973.txt,"pre (2023Q2-Q3, 10-calendar-day rule)",0001213900-23-056973,2023-07-14,0001771706,0001862016,2023-04-28,44.7,False,55.0,77.0
SC 13D,Chindata Group Holdings Ltd,1807192,2023-08-21,edgar/data/1807192/0001193125-23-217054.txt,"pre (2023Q2-Q3, 10-calendar-day rule)",0001193125-23-217054,2023-08-21,0001807192,0001434819,,15.9,False,,
SC 13D,DIGIANDOMENICO ANTHONY,1083544,2023-08-01,edgar/data/1083544/0001493152-23-026305.txt,"pre (2023Q2-Q3, 10-calendar-day rule)",0001493152-23-026305,2023-08-01,0001934642,0001083544,2021-07-25,22.6,False,526.0,737.0
SC 13D,Danaos Corp,1369241,2023-07-06,edgar/data/1369241/0001104659-23-078775.txt,"pre (2023Q2-Q3, 10-calendar-day rule)",0001104659-23-078775,2023-07-06,0001322439,0001369241,2023-06-26,16.7,False,8.0,10.0
SC 13D,Dune Acquisition Corp,1817232,2023-08-25,edgar/data/1817232/0001213900-23-070958.txt,"pre (2023Q2-Q3, 10-calendar-day rule)",0001213900-23-070958,2023-08-25,0001817232,0001937147,2023-08-16,8.3,False,7.0,9.0
SC 13D,"ENGINE CAPITAL, L.P.",1580320,2023-08-30,edgar/data/1580320/0001193805-23-001235.txt,"pre (2023Q2-Q3, 10-calendar-day rule)",0001193805-23-001235,2023-08-30,0001808997,0001580320,2023-08-11,4.3,False,13.0,19.0
SC 13D,Edward L. Chase Revocable Trust,1389404,2023-08-02,edgar/data/1389404/0001389404-23-000004.txt,"pre (2023Q2-Q3, 10-calendar-day rule)",0001389404-23-000004,2023-08-02,0000830524,0001389404,2023-07-21,8.1,False,8.0,12.0
SC 13D,"Franchise Group, Inc.",1528930,2023-08-08,edgar/data/1528930/0001104659-23-088656.txt,"pre (2023Q2-Q3, 10-calendar-day rule)",0001104659-23-088656,2023-08-08,0001528930,0001652992,2023-08-07,0.12,False,1.0,1.0
SC 13D,"Franchise Group, Inc.",1528930,2023-08-08,edgar/data/1528930/0001140361-23-038604.txt,"pre (2023Q2-Q3, 10-calendar-day rule)",0001140361-23-038604,2023-08-08,0001528930,0001988825,2023-08-06,2.59,False,1.0,2.0
SC 13D,"Franchise Group, Inc.",1528930,2023-08-11,edgar/data/1528930/0001193125-23-210864.txt,"pre (2023Q2-Q3, 10-calendar-day rule)",0001193125-23-210864,2023-08-11,0001528930,0001724410,,0.52,False,,
SC 13D,Frankenius Equity AB,1988262,2023-08-21,edgar/data/1988262/0001193125-23-216997.txt,"pre (2023Q2-Q3, 10-calendar-day rule)",0001193125-23-216997,2023-08-21,0001826667,0001988262,,24.1,False,,
SC 13D,"GEN Restaurant Group, Inc.",1891856,2023-07-10,edgar/data/1891856/0001193125-23-184683.txt,"pre (2023Q2-Q3, 10-calendar-day rule)",0001193125-23-184683,2023-07-10,0001891856,0001982566,,71.0,False,,
SC 13D,"Hanryu Holdings, Inc.",1911545,2023-09-05,edgar/data/1911545/0001991499-23-000002.txt,"pre (2023Q2-Q3, 10-calendar-day rule)",0001991499-23-000002,2023-09-05,0001911545,0001991499,2023-08-03,20.4,False,23.0,33.0
SC 13D,Hao Chun Yi,1355497,2023-09-08,edgar/data/1355497/0001929980-23-000189.txt,"pre (2023Q2-Q3, 10-calendar-day rule)",0001929980-23-000189,2023-09-08,0001852736,0001355497,2023-07-18,17.8,False,38.0,52.0
SC 13D,Haymaker Acquisition Corp. 4,1970509,2023-08-07,edgar/data/1970509/0001104659-23-088406.txt,"pre (2023Q2-Q3, 10-calendar-day rule)",0001104659-23-088406,2023-08-07,0001970509,0001986992,,,False,,
SC 13D,Healthy Great Investing Co Ltd,1990805,2023-08-28,edgar/data/1990805/0001213900-23-071269.txt,"pre (2023Q2-Q3, 10-calendar-day rule)",0001213900-23-071269,2023-08-28,0001957489,0001990805,2023-08-17,58.7,False,7.0,11.0
SC 13D,"HeartBeam, Inc.",1779372,2023-08-28,edgar/data/1779372/0001493152-23-030364.txt,"pre (2023Q2-Q3, 10-calendar-day rule)",0001493152-23-030364,2023-08-28,0001779372,0001032188,2023-08-20,9.41,False,5.0,8.0
SC 13D,IMPERIAL PETROLEUM INC,355356,2023-08-30,edgar/data/355356/0001731122-23-001628.txt,"pre (2023Q2-Q3, 10-calendar-day rule)",0001731122-23-001628,2023-08-30,0000355356,0001991451,2023-08-30,2.33,False,0.0,0.0
SC 13D,INGALLS & SNYDER LLC,1041885,2023-07-07,edgar/data/1041885/0001041885-23-000015.txt,"pre (2023Q2-Q3, 10-calendar-day rule)",0001041885-23-000015,2023-07-07,0001715925,0001041885,2023-06-29,4.22,False,6.0,8.0
SC 13D,INTEVAC INC,1001902,2023-08-18,edgar/data/1001902/0000807249-23-000104.txt,"pre (2023Q2-Q3, 10-calendar-day rule)",0000807249-23-000104,2023-08-18,0001001902,0000807249,2023-08-11,1.1,False,5.0,7.0
SC 13D,Imperial Petroleum Inc./Marshall Islands,1876581,2023-08-04,edgar/data/1876581/0001193125-23-203973.txt,"pre (2023Q2-Q3, 10-calendar-day rule)",0001193125-23-203973,2023-08-04,0001876581,0001328920,,23.1,False,,
SC 13D,"Invesco Commercial Real Estate Finance Trust, Inc.",1976927,2023-09-18,edgar/data/1976927/0001213900-23-077144.txt,"pre (2023Q2-Q3, 10-calendar-day rule)",0001213900-23-077144,2023-09-18,0001976927,0001992686,2023-09-05,99.99,False,9.0,13.0
SC 13D,"Invesco Realty, Inc.",1992686,2023-09-18,edgar/data/1992686/0001213900-23-077143.txt,"pre (2023Q2-Q3, 10-calendar-day rule)",0001213900-23-077143,2023-09-18,0001976927,0001992686,2023-09-05,0.0,False,9.0,13.0
SC 13D,"Israel Biotech Fund I, L.P.",1652458,2023-09-11,edgar/data/1652458/0001178913-23-003115.txt,"pre (2023Q2-Q3, 10-calendar-day rule)",0001178913-23-003115,2023-09-11,0001100397,0001652458,2023-09-01,2.59,False,6.0,10.0
SC 13D,JOINT Corp,1612630,2023-08-11,edgar/data/1612630/0000921895-23-001902.txt,"pre (2023Q2-Q3, 10-calendar-day rule)",0000921895-23-001902,2023-08-11,0001612630,0001399386,2023-08-11,23.6,False,0.0,0.0
SC 13D,Jushi Holdings Inc.,1909747,2023-09-01,edgar/data/1909747/0001628280-23-031213.txt,"pre (2023Q2-Q3, 10-calendar-day rule)",0001628280-23-031213,2023-09-01,0001909747,0001455939,2023-02-14,0.0,False,143.0,199.0
SC 13D,KO JOSHUA,1991499,2023-09-05,edgar/data/1991499/0001991499-23-000002.txt,"pre (2023Q2-Q3, 10-calendar-day rule)",0001991499-23-000002,2023-09-05,0001911545,0001991499,2023-08-03,20.4,False,23.0,33.0
SC 13D,Liu Chengyan,1845160,2023-08-17,edgar/data/1845160/0001193125-23-214541.txt,"pre (2023Q2-Q3, 10-calendar-day rule)",0001193125-23-214541,2023-08-17,0001807192,0001845160,,7.9,False,,
SC 13D,Lo Dennis Yuk Ming,1988954,2023-08-07,edgar/data/1988954/0001193125-23-204775.txt,"pre (2023Q2-Q3, 10-calendar-day rule)",0001193125-23-204775,2023-08-07,0001876431,0001988954,,9.16,False,,
SC 13D,MATLIN DAVID J,1251956,2023-08-21,edgar/data/1251956/0001193125-23-217070.txt,"pre (2023Q2-Q3, 10-calendar-day rule)",0001193125-23-217070,2023-08-21,0001826667,0001251956,,8.2,False,,
SC 13D,MFS HIGH YIELD MUNICIPAL TRUST,809844,2023-07-17,edgar/data/809844/0001504304-23-000019.txt,"pre (2023Q2-Q3, 10-calendar-day rule)",0001504304-23-000019,2023-07-17,0000809844,0001504304,,4.66,False,,
SC 13D,Madison Technologies Inc.,1318268,2023-09-29,edgar/data/1318268/0001753926-23-001277.txt,"pre (2023Q2-Q3, 10-calendar-day rule)",0001753926-23-001277,2023-09-29,0001318268,0001699673,2023-09-29,0.0,False,0.0,0.0
SC 13D,Metropolitan Bank Holding Corp.,1476034,2023-08-18,edgar/data/1476034/0001104659-23-093361.txt,"pre (2023Q2-Q3, 10-calendar-day rule)",0001104659-23-093361,2023-08-18,0001476034,0001703298,2023-08-15,,False,3.0,3.0
SC 13D,Nano Labs Ltd,1872302,2023-09-22,edgar/data/1872302/0001213900-23-078502.txt,"pre (2023Q2-Q3, 10-calendar-day rule)",0001213900-23-078502,2023-09-22,0001872302,0001802732,2023-09-13,36.3,False,7.0,9.0
SC 13D,"National CineMedia, Inc.",1377630,2023-08-16,edgar/data/1377630/0001193125-23-214405.txt,"pre (2023Q2-Q3, 10-calendar-day rule)",0001193125-23-214405,2023-08-16,0001377630,0001887451,,27.6,False,,
SC 13D,NewAmsterdam Pharma Co N.V.,1936258,2023-07-07,edgar/data/1936258/0001193125-23-183868.txt,"pre (2023Q2-Q3, 10-calendar-day rule)",0001193125-23-183868,2023-07-07,0001936258,0001823747,,8.1,False,,
SC 13D,"PGIM Strategic Investments, Inc.",1972703,2023-07-14,edgar/data/1972703/0001104659-23-081301.txt,"pre (2023Q2-Q3, 10-calendar-day rule)",0001104659-23-081301,2023-07-14,0001875084,0001972703,,,False,,
SC 13D,Performance Shipping Inc.,1481241,2023-09-01,edgar/data/1481241/0001140361-23-042410.txt,"pre (2023Q2-Q3, 10-calendar-day rule)",0001140361-23-042410,2023-09-01,0001481241,0001992194,2023-03-06,2.59,False,129.0,179.0
SC 13D,"Pine Brook Capital Partners II, L.P.",1556984,2023-09-01,edgar/data/1556984/0001341004-23-000218.txt,"pre (2023Q2-Q3, 10-calendar-day rule)",0001341004-23-000218,2023-09-01,0001835856,0001556984,2023-08-22,35.3,False,8.0,10.0
SC 13D,Riva Ridge Capital Management LP,1676700,2023-09-27,edgar/data/1676700/0000919574-23-005352.txt,"pre (2023Q2-Q3, 10-calendar-day rule)",0000919574-23-005352,2023-09-27,0001770141,0001676700,2023-09-22,10.0,False,3.0,5.0
SC 13D,"Rscube Investment, LLC",1989270,2023-08-10,edgar/data/1989270/0001104659-23-089712.txt,"pre (2023Q2-Q3, 10-calendar-day rule)",0001104659-23-089712,2023-08-10,0001499717,0001989270,2023-07-31,7.5,False,8.0,10.0
SC 13D,"Runa Capital Fund II, L.P.",1964543,2023-09-11,edgar/data/1964543/0001104659-23-099755.txt,"pre (2023Q2-Q3, 10-calendar-day rule)",0001104659-23-099755,2023-09-11,0001964543,0001964543,,,False,,
SC 13D,SCOPIA CAPITAL MANAGEMENT LP,1279150,2023-09-21,edgar/data/1279150/0000921895-23-002203.txt,"pre (2023Q2-Q3, 10-calendar-day rule)",0000921895-23-002203,2023-09-21,0000851310,0001279150,2023-09-15,5.1,False,4.0,6.0
SC 13D,"Saba Capital Management, L.P.",1510281,2023-08-02,edgar/data/1510281/0001062993-23-015642.txt,"pre (2023Q2-Q3, 10-calendar-day rule)",0001062993-23-015642,2023-08-02,0001177161,0001510281,2023-08-01,10.01,False,1.0,1.0
SC 13D,"Saba Capital Management, L.P.",1510281,2023-09-01,edgar/data/1510281/0001062993-23-017384.txt,"pre (2023Q2-Q3, 10-calendar-day rule)",0001062993-23-017384,2023-09-01,0000002230,0001510281,2023-08-31,5.02,False,1.0,1.0
SC 13D,"Saba Capital Management, L.P.",1510281,2023-09-29,edgar/data/1510281/0001062993-23-018592.txt,"pre (2023Q2-Q3, 10-calendar-day rule)",0001062993-23-018592,2023-09-29,0001137390,0001510281,2023-09-27,5.12,False,2.0,2.0
SC 13D,Sealy & Smith Foundation,1991262,2023-09-22,edgar/data/1991262/0001193125-23-240427.txt,"pre (2023Q2-Q3, 10-calendar-day rule)",0001193125-23-240427,2023-09-22,0001910950,0001991262,,14.8,False,,
SC 13D,Seifert Michael Stephen,1985187,2023-07-31,edgar/data/1985187/0001213900-23-061334.txt,"pre (2023Q2-Q3, 10-calendar-day rule)",0001213900-23-061334,2023-07-31,0001847064,0001985187,2023-07-19,11.0,False,8.0,12.0
SC 13D,"Skye Bioscience, Inc.",1516551,2023-08-28,edgar/data/1516551/0001104659-23-096002.txt,"pre (2023Q2-Q3, 10-calendar-day rule)",0001104659-23-096002,2023-08-28,0001516551,0001873545,,31.7,False,,
SC 13D,"Spectral AI, Inc.",1833498,2023-09-27,edgar/data/1833498/0001213900-23-079675.txt,"pre (2023Q2-Q3, 10-calendar-day rule)",0001213900-23-079675,2023-09-27,0001833498,0001331984,,32.68,False,,
SC 13D,"Stone House Capital Management, LLC",1589943,2023-08-11,edgar/data/1589943/0001213900-23-066230.txt,"pre (2023Q2-Q3, 10-calendar-day rule)",0001213900-23-066230,2023-08-11,0001596961,0001589943,,13.5,False,,
SC 13D,"System1, Inc.",1805833,2023-09-06,edgar/data/1805833/0001805833-23-000156.txt,"pre (2023Q2-Q3, 10-calendar-day rule)",0001805833-23-000156,2023-09-06,0001805833,0001805833,2023-09-01,0.0,False,3.0,5.0
SC 13D,"TMD Wealth Management, LLC",1842820,2023-07-10,edgar/data/1842820/0001765380-23-000125.txt,"pre (2023Q2-Q3, 10-calendar-day rule)",0001765380-23-000125,2023-07-10,0001842820,0001842820,2023-06-16,32.52,False,16.0,24.0
SC 13D,Tree Roots Entertainment Group Co Ltd,1907129,2023-09-01,edgar/data/1907129/0001140361-23-042385.txt,"pre (2023Q2-Q3, 10-calendar-day rule)",0001140361-23-042385,2023-09-01,0001372183,0001907129,2021-06-30,2.59,False,567.0,793.0
SC 13D,Tristar Acquisition I Corp.,1852736,2023-09-08,edgar/data/1852736/0001929980-23-000189.txt,"pre (2023Q2-Q3, 10-calendar-day rule)",0001929980-23-000189,2023-09-08,0001852736,0001355497,2023-07-18,17.8,False,38.0,52.0
SC 13D,WELLS FARGO & COMPANY/MN,72971,2023-09-25,edgar/data/72971/0001193125-23-241338.txt,"pre (2023Q2-Q3, 10-calendar-day rule)",0001193125-23-241338,2023-09-25,0001162027,0000072971,,38.03,False,,
SC 13D,Wang Lauren,1982360,2023-07-10,edgar/data/1982360/0001193125-23-184701.txt,"pre (2023Q2-Q3, 10-calendar-day rule)",0001193125-23-184701,2023-07-10,0001891856,0001982360,,29.0,False,,
SC 13D,Wells Bradley W,1935025,2023-08-14,edgar/data/1935025/0001104659-23-091411.txt,"pre (2023Q2-Q3, 10-calendar-day rule)",0001104659-23-091411,2023-08-14,0001777765,0001935025,2023-08-01,16.97,False,9.0,13.0
SC 13D,"Zynerba Pharmaceuticals, Inc.",1621443,2023-08-24,edgar/data/1621443/0001140361-23-041175.txt,"pre (2023Q2-Q3, 10-calendar-day rule)",0001140361-23-041175,2023-08-24,0001621443,0001802665,2023-08-14,2.59,False,8.0,10.0
SC 13D,325 CAPITAL LLC,1873893,2024-07-03,edgar/data/1873893/0000921895-24-001536.txt,"post (2024Q3-Q4, 5-business-day rule)",0000921895-24-001536,2024-07-03,0001863990,0001873893,2024-07-01,1.8,False,2.0,2.0
SC 13D,AUNA S.A.,1799207,2024-08-22,edgar/data/1799207/0001999371-24-010550.txt,"post (2024Q3-Q4, 5-business-day rule)",0001999371-24-010550,2024-08-22,0001799207,0002019118,,20.46,False,,
SC 13D,Altos Venture AG,2006260,2024-09-26,edgar/data/2006260/0001193125-24-226920.txt,"post (2024Q3-Q4, 5-business-day rule)",0001193125-24-226920,2024-09-26,0001782107,0002006260,,32.5,False,,
SC 13D,Anson Funds Management LP,1491072,2024-07-09,edgar/data/1491072/0001193125-24-176749.txt,"post (2024Q3-Q4, 5-business-day rule)",0001193125-24-176749,2024-07-09,0001701758,0001491072,,5.2,False,,
SC 13D,"BCPE Nucleon (DE) SPV, LP",2031973,2024-07-26,edgar/data/2031973/0001193125-24-186422.txt,"post (2024Q3-Q4, 5-business-day rule)",0001193125-24-186422,2024-07-26,0001618732,0002031973,,6.4,False,,
SC 13D,"Blade Air Mobility, Inc.",1779128,2024-07-12,edgar/data/1779128/0001679688-24-000077.txt,"post (2024Q3-Q4, 5-business-day rule)",0001679688-24-000077,2024-07-12,0001779128,0001679688,,20.0,False,,
SC 13D,Bragg Gaming Group Inc.,1867834,2024-07-10,edgar/data/1867834/0000912282-24-000533.txt,"post (2024Q3-Q4, 5-business-day rule)",0000912282-24-000533,2024-07-10,0001867834,0002028647,2024-06-08,6.15,False,22.0,32.0
SC 13D,Bright Scholar Education Holdings Ltd,1696355,2024-07-31,edgar/data/1696355/0001013762-24-002909.txt,"post (2024Q3-Q4, 5-business-day rule)",0001013762-24-002909,2024-07-31,0001696355,0002031450,2024-07-18,61.0,False,9.0,13.0
SC 13D,"CHUY'S HOLDINGS, INC.",1524931,2024-08-29,edgar/data/1524931/0001104659-24-094588.txt,"post (2024Q3-Q4, 5-business-day rule)",0001104659-24-094588,2024-08-29,0001524931,0001352851,,,False,,
SC 13D,"CITIUS ONCOLOGY, INC.",1851484,2024-08-16,edgar/data/1851484/0001213900-24-070284.txt,"post (2024Q3-Q4, 5-business-day rule)",0001213900-24-070284,2024-08-16,0001851484,0001506251,2024-08-12,92.6,False,4.0,4.0
SC 13D,California Resources Corp,1609253,2024-07-09,edgar/data/1609253/0001104659-24-078572.txt,"post (2024Q3-Q4, 5-business-day rule)",0001104659-24-078572,2024-07-09,0001609253,0001283718,,11.8,False,,
SC 13D,"Cano Health, Inc.",1800682,2024-07-08,edgar/data/1800682/0001193125-24-176171.txt,"post (2024Q3-Q4, 5-business-day rule)",0001193125-24-176171,2024-07-08,0001800682,0001642575,,0.04,False,,
SC 13D,"Cano Health, Inc.",1800682,2024-07-08,edgar/data/1800682/0001193125-24-176400.txt,"post (2024Q3-Q4, 5-business-day rule)",0001193125-24-176400,2024-07-08,0001800682,0001527166,,6.7,False,,
SC 13D,Cao Yawei,2037783,2024-09-26,edgar/data/2037783/0001493152-24-038297.txt,"post (2024Q3-Q4, 5-business-day rule)",0001493152-24-038297,2024-09-26,0002024203,0002037783,2024-09-19,10.9,False,5.0,7.0
SC 13D,Caravelle International Group,1928948,2024-07-18,edgar/data/1928948/0001213900-24-062622.txt,"post (2024Q3-Q4, 5-business-day rule)",0001213900-24-062622,2024-07-18,0001928948,0002029746,2024-07-11,35.85,False,5.0,7.0
SC 13D,Chan Yee Kit,2029954,2024-07-25,edgar/data/2029954/0001013762-24-000893.txt,"post (2024Q3-Q4, 5-business-day rule)",0001013762-24-000893,2024-07-25,0001997201,0002029954,2024-07-18,55.74,False,5.0,7.0
SC 13D,Choe Yang Yeat,1948734,2024-08-08,edgar/data/1948734/0001183740-24-000066.txt,"post (2024Q3-Q4, 5-business-day rule)",0001183740-24-000066,2024-08-08,0001602409,0001948734,2019-05-16,13.8,False,1365.0,1911.0
SC 13D,"Cidara Therapeutics, Inc.",1610618,2024-07-25,edgar/data/1610618/0001104659-24-082640.txt,"post (2024Q3-Q4, 5-business-day rule)",0001104659-24-082640,2024-07-25,0001610618,0001346824,,,False,,
SC 13D,Core SS LLC,2036285,2024-09-10,edgar/data/2036285/0001437749-24-028910.txt,"post (2024Q3-Q4, 5-business-day rule)",0001437749-24-028910,2024-09-10,0001375195,0002036285,2024-08-21,62.21,False,14.0,20.0
SC 13D,Crypto Co,1688126,2024-07-08,edgar/data/1688126/0001493152-24-026524.txt,"post (2024Q3-Q4, 5-business-day rule)",0001493152-24-026524,2024-07-08,0001688126,0001737784,2024-06-28,6.07,False,6.0,10.0
SC 13D,DYNAVAX TECHNOLOGIES CORP,1029142,2024-09-16,edgar/data/1029142/0001193125-24-219592.txt,"post (2024Q3-Q4, 5-business-day rule)",0001193125-24-219592,2024-09-16,0001029142,0001856083,,9.56,False,,
SC 13D,"El Puerto de Liverpool, S.A.B. de C.V.",1946901,2024-09-04,edgar/data/1946901/0001193125-24-212653.txt,"post (2024Q3-Q4, 5-business-day rule)",0001193125-24-212653,2024-09-04,0000072333,0001946901,2024-08-30,9.6,False,3.0,5.0
SC 13D,"FIREFLY NEUROSCIENCE, INC.",803578,2024-08-19,edgar/data/803578/0001104659-24-090874.txt,"post (2024Q3-Q4, 5-business-day rule)",0001104659-24-090874,2024-08-19,0000803578,0002034160,,20.5,False,,
SC 13D,FORWARD AIR CORP,912728,2024-08-14,edgar/data/912728/0001140361-24-037374.txt,"post (2024Q3-Q4, 5-business-day rule)",0001140361-24-037374,2024-08-14,0000912728,0001688282,2024-08-14,2.59,False,0.0,0.0
SC 13D,"First High-School Education Group Co., Ltd.",1786182,2024-08-08,edgar/data/1786182/0001213900-24-066339.txt,"post (2024Q3-Q4, 5-business-day rule)",0001213900-24-066339,2024-08-08,0001786182,0001907944,2024-08-02,38.0,False,4.0,6.0
SC 13D,"Five Point Holdings, LLC",1574197,2024-09-27,edgar/data/1574197/0001140361-24-042124.txt,"post (2024Q3-Q4, 5-business-day rule)",0001140361-24-042124,2024-09-27,0001574197,0001105838,,2.59,False,,
SC 13D,GALAPAGOS NV,1421876,2024-08-23,edgar/data/1421876/0001104659-24-092414.txt,"post (2024Q3-Q4, 5-business-day rule)",0001104659-24-092414,2024-08-23,0001421876,0001587114,2024-08-19,9.9,False,4.0,4.0
SC 13D,GENERAC HOLDINGS INC.,1474735,2024-08-07,edgar/data/1474735/0001437749-24-025235.txt,"post (2024Q3-Q4, 5-business-day rule)",0001437749-24-025235,2024-08-07,0001866501,0001474735,2024-08-05,17.8,False,2.0,2.0
SC 13D,"GOLD ROCK HOLDINGS, INC.",894501,2024-08-27,edgar/data/894501/0001091818-24-000107.txt,"post (2024Q3-Q4, 5-business-day rule)",0001091818-24-000107,2024-08-27,0000894501,0001994009,2024-08-26,69.3,False,1.0,1.0
SC 13D,Galkin Vladimir,2020621,2024-09-05,edgar/data/2020621/0001376474-24-000494.txt,"post (2024Q3-Q4, 5-business-day rule)",0001376474-24-000494,2024-09-05,0001158463,0002020621,,10.0,False,,
SC 13D,Goodwood Inc.,1297339,2024-09-06,edgar/data/1297339/0001493152-24-035256.txt,"post (2024Q3-Q4, 5-business-day rule)",0001493152-24-035256,2024-09-06,0001113423,0001297339,,7.2,False,,
SC 13D,"Guerrilla RF, Inc.",1832487,2024-08-12,edgar/data/1832487/0001437749-24-026101.txt,"post (2024Q3-Q4, 5-business-day rule)",0001437749-24-026101,2024-08-12,0001832487,0002032955,2024-08-05,49.94,False,5.0,7.0
SC 13D,HEALTHY CHOICE WELLNESS CORP.,1948864,2024-09-24,edgar/data/1948864/0001493152-24-038023.txt,"post (2024Q3-Q4, 5-business-day rule)",0001493152-24-038023,2024-09-24,0001948864,0001512158,2024-09-17,11.1,False,5.0,7.0
SC 13D,"Heliogen, Inc.",1840292,2024-07-29,edgar/data/1840292/0001731122-24-001152.txt,"post (2024Q3-Q4, 5-business-day rule)",0001731122-24-001152,2024-07-29,0001840292,0001991451,2024-07-29,7.04,False,0.0,0.0
SC 13D,Hercules Capital Management Corp,2026879,2024-07-03,edgar/data/2026879/0001213900-24-059026.txt,"post (2024Q3-Q4, 5-business-day rule)",0001213900-24-059026,2024-07-03,0002000410,0002026879,2024-07-01,21.4,False,2.0,2.0
SC 13D,Heritage Group,1350750,2024-07-11,edgar/data/1350750/0001193125-24-177792.txt,"post (2024Q3-Q4, 5-business-day rule)",0001193125-24-177792,2024-07-11,0002013745,0001350750,,17.2,False,,
SC 13D,Huang Ming-Chia,2033096,2024-08-12,edgar/data/2033096/0001493152-24-031298.txt,"post (2024Q3-Q4, 5-business-day rule)",0001493152-24-031298,2024-08-12,0001991332,0002033096,2024-07-31,11.71,False,8.0,12.0
SC 13D,Hummingbird STAR Trust,2035272,2024-08-30,edgar/data/2035272/0001477932-24-005394.txt,"post (2024Q3-Q4, 5-business-day rule)",0001477932-24-005394,2024-08-30,0001729637,0002035272,2024-07-09,5.2,False,38.0,52.0
SC 13D,INNO HOLDINGS INC.,1961847,2024-09-11,edgar/data/1961847/0001493152-24-035924.txt,"post (2024Q3-Q4, 5-business-day rule)",0001493152-24-035924,2024-09-11,0001961847,0002034117,2024-05-31,7.0,False,73.0,103.0
SC 13D,JPMORGAN CHASE & CO,19617,2024-09-12,edgar/data/19617/0000950142-24-002364.txt,"post (2024Q3-Q4, 5-business-day rule)",0000950142-24-002364,2024-09-12,0000084129,0000019617,2024-08-30,18.21,False,9.0,13.0
SC 13D,"KALA BIO, Inc.",1479419,2024-07-08,edgar/data/1479419/0001193125-24-176447.txt,"post (2024Q3-Q4, 5-business-day rule)",0001193125-24-176447,2024-07-08,0001479419,0001853723,,9.99,False,,
SC 13D,KELLANOVA,55067,2024-08-20,edgar/data/55067/0001193125-24-203665.txt,"post (2024Q3-Q4, 5-business-day rule)",0001193125-24-203665,2024-08-20,0000055067,0001188365,,5.8,False,,
SC 13D,Karbon-X Corp.,1729637,2024-08-30,edgar/data/1729637/0001477932-24-005394.txt,"post (2024Q3-Q4, 5-business-day rule)",0001477932-24-005394,2024-08-30,0001729637,0002035272,2024-07-09,5.2,False,38.0,52.0
SC 13D,Lam Chi Ming,2028403,2024-07-08,edgar/data/2028403/0001493152-24-026441.txt,"post (2024Q3-Q4, 5-business-day rule)",0001493152-24-026441,2024-07-08,0001956166,0002028403,,0.0,False,,
SC 13D,Lovesac Co,1701758,2024-07-09,edgar/data/1701758/0001193125-24-176749.txt,"post (2024Q3-Q4, 5-business-day rule)",0001193125-24-176749,2024-07-09,0001701758,0001491072,,5.2,False,,
SC 13D,"MBX Biosciences, Inc.",1776111,2024-09-23,edgar/data/1776111/0001072613-24-000721.txt,"post (2024Q3-Q4, 5-business-day rule)",0001072613-24-000721,2024-09-23,0001776111,0001768564,2024-09-16,11.4,False,5.0,7.0
SC 13D,Madeleine Charging B.V.,1961962,2024-08-08,edgar/data/1961962/0001193125-24-197116.txt,"post (2024Q3-Q4, 5-business-day rule)",0001193125-24-197116,2024-08-08,0001874474,0001961962,,,False,,
SC 13D,Mangold James E,2037909,2024-09-20,edgar/data/2037909/0000943374-24-000387.txt,"post (2024Q3-Q4, 5-business-day rule)",0000943374-24-000387,2024-09-20,0002013792,0002037909,2024-09-20,7.68,False,0.0,0.0
SC 13D,"Match Group, Inc.",891103,2024-07-15,edgar/data/891103/0000902664-24-004719.txt,"post (2024Q3-Q4, 5-business-day rule)",0000902664-24-004719,2024-07-15,0000891103,0001517137,,6.6,False,,
SC 13D,Multi Ways Holdings Ltd,1941500,2024-08-07,edgar/data/1941500/0001493152-24-030617.txt,"post (2024Q3-Q4, 5-business-day rule)",0001493152-24-030617,2024-08-07,0001941500,0001978874,2024-08-01,63.26,False,4.0,6.0
SC 13D,NEW GERMANY FUND INC,858706,2024-09-09,edgar/data/858706/0001062993-24-016317.txt,"post (2024Q3-Q4, 5-business-day rule)",0001062993-24-016317,2024-09-09,0000858706,0001510281,2024-09-06,5.08,False,1.0,3.0
SC 13D,"NEW RITE AID, LLC",84129,2024-09-09,edgar/data/84129/0002033916-24-000006.txt,"post (2024Q3-Q4, 5-business-day rule)",0002033916-24-000006,2024-09-09,0000084129,0001393825,2024-08-30,8.6,False,6.0,10.0
SC 13D,Netcapital Inc.,1414767,2024-08-12,edgar/data/1414767/0001213900-24-067775.txt,"post (2024Q3-Q4, 5-business-day rule)",0001213900-24-067775,2024-08-12,0001414767,0002026962,2024-08-09,5.0,False,1.0,3.0
SC 13D,New Providence Acquisition Corp. II,1837929,2024-08-05,edgar/data/1837929/0001213900-24-065216.txt,"post (2024Q3-Q4, 5-business-day rule)",0001213900-24-065216,2024-08-05,0001837929,0001837933,2024-07-29,88.7,False,5.0,7.0
SC 13D,ORBIMED ADVISORS LLC,1055951,2024-09-23,edgar/data/1055951/0000947871-24-000770.txt,"post (2024Q3-Q4, 5-business-day rule)",0000947871-24-000770,2024-09-23,0001130598,0001055951,2024-09-16,19.9,False,5.0,7.0
SC 13D,"October 3rd Holdings, LLC",2016262,2024-07-26,edgar/data/2016262/0001493152-24-029319.txt,"post (2024Q3-Q4, 5-business-day rule)",0001493152-24-029319,2024-07-26,0001838163,0002016262,,24.4,False,,
SC 13D,"Onconetix, Inc.",1782107,2024-09-26,edgar/data/1782107/0001193125-24-226920.txt,"post (2024Q3-Q4, 5-business-day rule)",0001193125-24-226920,2024-09-26,0001782107,0002006260,,32.5,False,,
SC 13D,Panigrahi Bhaskar,2028722,2024-07-18,edgar/data/2028722/0001104659-24-080854.txt,"post (2024Q3-Q4, 5-business-day rule)",0001104659-24-080854,2024-07-18,0001895249,0002028722,,,False,,
SC 13D,Pearl Diver Credit Co Inc.,1998043,2024-07-26,edgar/data/1998043/0001437749-24-023649.txt,"post (2024Q3-Q4, 5-business-day rule)",0001437749-24-023649,2024-07-26,0001998043,0001697228,2024-07-19,87.0,False,5.0,7.0
SC 13D,Portillo's Inc.,1871509,2024-08-15,edgar/data/1871509/0000921895-24-001846.txt,"post (2024Q3-Q4, 5-business-day rule)",0000921895-24-001846,2024-08-15,0001871509,0001559771,2024-08-08,7.2,False,5.0,7.0
SC 13D,REZOLVE GROUP Ltd,1920294,2024-08-26,edgar/data/1920294/0001193125-24-207107.txt,"post (2024Q3-Q4, 5-business-day rule)",0001193125-24-207107,2024-08-26,0001920294,0002035140,,,False,,
SC 13D,"Rapid7, Inc.",1560327,2024-09-27,edgar/data/1560327/0000902664-24-005639.txt,"post (2024Q3-Q4, 5-business-day rule)",0000902664-24-005639,2024-09-27,0001560327,0001998597,,5.8,False,,
SC 13D,Ruxin Holly,1737784,2024-07-08,edgar/data/1737784/0001493152-24-026524.txt,"post (2024Q3-Q4, 5-business-day rule)",0001493152-24-026524,2024-07-08,0001688126,0001737784,2024-06-28,6.07,False,6.0,10.0
SC 13D,SAO PAULO STATE OF,1219208,2024-08-05,edgar/data/1219208/0001292814-24-002966.txt,"post (2024Q3-Q4, 5-business-day rule)",0001292814-24-002966,2024-08-05,0001170858,0001219208,2024-07-18,18.0,False,12.0,18.0
SC 13D,SMX (Security Matters) Public Ltd Co,1940674,2024-08-05,edgar/data/1940674/0001493152-24-030209.txt,"post (2024Q3-Q4, 5-business-day rule)",0001493152-24-030209,2024-08-05,0001940674,0002031116,,7.84,False,,
SC 13D,"Saba Capital Management, L.P.",1510281,2024-07-25,edgar/data/1510281/0001062993-24-014083.txt,"post (2024Q3-Q4, 5-business-day rule)",0001062993-24-014083,2024-07-25,0001362481,0001510281,2024-07-19,5.06,False,4.0,6.0
SC 13D,"Saba Capital Management, L.P.",1510281,2024-08-02,edgar/data/1510281/0001062993-24-014350.txt,"post (2024Q3-Q4, 5-business-day rule)",0001062993-24-014350,2024-08-02,0001379400,0001510281,2024-07-29,5.39,False,4.0,4.0
SC 13D,"Saba Capital Management, L.P.",1510281,2024-09-03,edgar/data/1510281/0001062993-24-015985.txt,"post (2024Q3-Q4, 5-business-day rule)",0001062993-24-015985,2024-09-03,0001288795,0001510281,2024-08-28,5.05,False,4.0,6.0
SC 13D,"Saba Capital Management, L.P.",1510281,2024-09-09,edgar/data/1510281/0001062993-24-016317.txt,"post (2024Q3-Q4, 5-business-day rule)",0001062993-24-016317,2024-09-09,0000858706,0001510281,2024-09-06,5.08,False,1.0,3.0
SC 13D,Salmasi Allen,1367633,2024-09-26,edgar/data/1367633/0001213900-24-082049.txt,"post (2024Q3-Q4, 5-business-day rule)",0001213900-24-082049,2024-09-26,0001840317,0001367633,2024-09-13,44.6,False,9.0,13.0
SC 13D,Samvardhana Motherson International Ltd.,2039116,2024-09-26,edgar/data/2039116/0001123292-24-000291.txt,"post (2024Q3-Q4, 5-business-day rule)",0001123292-24-000291,2024-09-26,0001843588,0002039116,,10.23,False,,
SC 13D,Santi Christopher,1564870,2024-09-25,edgar/data/1564870/0001493152-24-038047.txt,"post (2024Q3-Q4, 5-business-day rule)",0001493152-24-038047,2024-09-25,0001948864,0001564870,2024-09-17,5.95,False,6.0,8.0
SC 13D,Seaport Entertainment Group Inc.,2009684,2024-08-07,edgar/data/2009684/0000930413-24-002266.txt,"post (2024Q3-Q4, 5-business-day rule)",0000930413-24-002266,2024-08-07,0002009684,0001336528,2024-07-31,37.9,False,5.0,7.0
SC 13D,"Sofinnova Venture Partners XI, L.P.",1882303,2024-09-30,edgar/data/1882303/0001104659-24-104494.txt,"post (2024Q3-Q4, 5-business-day rule)",0001104659-24-104494,2024-09-30,0001709941,0001882303,2024-09-27,6.5,False,1.0,3.0
SC 13D,Starboard Value LP,1517137,2024-07-15,edgar/data/1517137/0000902664-24-004719.txt,"post (2024Q3-Q4, 5-business-day rule)",0000902664-24-004719,2024-07-15,0000891103,0001517137,,6.6,False,,
SC 13D,TANG CAPITAL MANAGEMENT LLC,1232621,2024-09-12,edgar/data/1232621/0001214659-24-016381.txt,"post (2024Q3-Q4, 5-business-day rule)",0001214659-24-016381,2024-09-12,0001600620,0001232621,2024-09-06,5.1,False,4.0,6.0
SC 13D,TECHPRECISION CORP,1328792,2024-07-02,edgar/data/1328792/0001104659-24-077375.txt,"post (2024Q3-Q4, 5-business-day rule)",0001104659-24-077375,2024-07-02,0001328792,0001251565,,2.0,False,,
SC 13D,Tether Holdings Ltd,2025889,2024-08-16,edgar/data/2025889/0001104659-24-090580.txt,"post (2024Q3-Q4, 5-business-day rule)",0001104659-24-090580,2024-08-16,0001499505,0002025889,2024-08-09,,False,5.0,7.0
SC 13D,Vaiman Dany,1955467,2024-09-12,edgar/data/1955467/0000912282-24-000646.txt,"post (2024Q3-Q4, 5-business-day rule)",0000912282-24-000646,2024-09-12,0001790169,0001955467,2024-08-14,5.08,False,21.0,29.0
SC 13D,Vista Outdoor Inc.,1616318,2024-07-17,edgar/data/1616318/0000902664-24-004741.txt,"post (2024Q3-Q4, 5-business-day rule)",0000902664-24-004741,2024-07-17,0001616318,0001312908,2024-07-17,9.6,False,0.0,0.0
SC 13D,WYNNEFIELD PARTNERS SMALL CAP VALUE LP I,1251565,2024-07-02,edgar/data/1251565/0001104659-24-077375.txt,"post (2024Q3-Q4, 5-business-day rule)",0001104659-24-077375,2024-07-02,0001328792,0001251565,,2.0,False,,
SC 13D,Worldory Sdn Bhd,2034176,2024-09-06,edgar/data/2034176/0001493152-24-035210.txt,"post (2024Q3-Q4, 5-business-day rule)",0001493152-24-035210,2024-09-06,0001907425,0002034176,2024-08-27,65.88,False,8.0,10.0
SC 13D,17 Education & Technology Group Inc.,1821468,2024-11-15,edgar/data/1821468/0000950170-24-127386.txt,"post (2024Q3-Q4, 5-business-day rule)",0000950170-24-127386,2024-11-15,0001821468,0001821468,2024-11-13,26.2,False,2.0,2.0
SC 13D,"5AM Ventures VI, L.P.",1753037,2024-10-22,edgar/data/1753037/0001104659-24-110570.txt,"post (2024Q3-Q4, 5-business-day rule)",0001104659-24-110570,2024-10-22,0001736730,0001753037,,,False,,
SC 13D,AMERICAN SHARED HOSPITAL SERVICES,744825,2024-11-20,edgar/data/744825/0001185185-24-001162.txt,"post (2024Q3-Q4, 5-business-day rule)",0001185185-24-001162,2024-11-20,0000744825,0001434993,2024-11-20,5.2,False,0.0,0.0
SC 13D,Abu Dhabi Investment Authority,1362558,2024-10-28,edgar/data/1362558/0001011438-24-000504.txt,"post (2024Q3-Q4, 5-business-day rule)",0001011438-24-000504,2024-10-28,0002011498,0001362558,,99.6,False,,
SC 13D,Andretti Acquisition Corp. II,2025341,2024-12-04,edgar/data/2025341/0001213900-24-105618.txt,"post (2024Q3-Q4, 5-business-day rule)",0001213900-24-105618,2024-12-04,0002025341,0002032960,2024-09-09,21.0,False,62.0,86.0
SC 13D,"Avista Healthcare Partners III, L.P.",2044866,2024-11-19,edgar/data/2044866/0001193125-24-261721.txt,"post (2024Q3-Q4, 5-business-day rule)",0001193125-24-261721,2024-11-19,0001661181,0002044866,,11.6,False,,
SC 13D,"Axil Brands, Inc.",1718500,2024-10-15,edgar/data/1718500/0001520138-24-000357.txt,"post (2024Q3-Q4, 5-business-day rule)",0001520138-24-000357,2024-10-15,0001718500,0001945871,2024-10-14,5.5,False,1.0,1.0
SC 13D,"BEYOND, INC.",1130713,2024-10-28,edgar/data/1130713/0001140361-24-044419.txt,"post (2024Q3-Q4, 5-business-day rule)",0001140361-24-044419,2024-10-28,0001056285,0001130713,2024-10-21,2.59,False,5.0,7.0
SC 13D,"BIOADAPTIVES, INC.",1575142,2024-10-22,edgar/data/1575142/0001640334-24-001554.txt,"post (2024Q3-Q4, 5-business-day rule)",0001640334-24-001554,2024-10-22,0001575142,0002041953,2024-04-18,0.0,False,133.0,187.0
SC 13D,CARVER BANCORP INC,1016178,2024-10-22,edgar/data/1016178/0001104659-24-110637.txt,"post (2024Q3-Q4, 5-business-day rule)",0001104659-24-110637,2024-10-22,0001016178,0001914524,2024-10-18,4.7,False,2.0,4.0
SC 13D,CRCM LP,1483234,2024-11-05,edgar/data/1483234/0000898432-24-000868.txt,"post (2024Q3-Q4, 5-business-day rule)",0000898432-24-000868,2024-11-05,0001850906,0001483234,2024-10-30,2.59,False,4.0,6.0
SC 13D,Charlton Aria Acquisition Corp,2024459,2024-10-25,edgar/data/2024459/0001213900-24-090755.txt,"post (2024Q3-Q4, 5-business-day rule)",0001213900-24-090755,2024-10-25,0002024459,0002041480,2024-10-23,21.99,False,2.0,2.0
SC 13D,"Chicago Atlantic Loan Portfolio, LLC",2041022,2024-10-11,edgar/data/2041022/0001213900-24-087323.txt,"post (2024Q3-Q4, 5-business-day rule)",0001213900-24-087323,2024-10-11,0001843162,0002041022,2024-10-01,69.45,False,8.0,10.0
SC 13D,Curbline Properties Corp.,2027317,2024-10-08,edgar/data/2027317/0001193125-24-234466.txt,"post (2024Q3-Q4, 5-business-day rule)",0001193125-24-234466,2024-10-08,0002027317,0001462468,,7.6,False,,
SC 13D,DallasNews Corp,1413898,2024-11-14,edgar/data/1413898/0001193125-24-259013.txt,"post (2024Q3-Q4, 5-business-day rule)",0001193125-24-259013,2024-11-14,0001413898,0002041508,,5.05,False,,
SC 13D,"Duckhorn Portfolio, Inc.",1835256,2024-10-11,edgar/data/1835256/0001193125-24-236830.txt,"post (2024Q3-Q4, 5-business-day rule)",0001193125-24-236830,2024-10-11,0001835256,0002039174,,3.93,False,,
SC 13D,EARLE DANIEL,1829974,2024-11-14,edgar/data/1829974/0000912282-24-000802.txt,"post (2024Q3-Q4, 5-business-day rule)",0000912282-24-000802,2024-11-14,0002019103,0001829974,2024-11-13,3.15,False,1.0,1.0
SC 13D,ESSA Pharma Inc.,1633932,2024-11-08,edgar/data/1633932/0001214659-24-018630.txt,"post (2024Q3-Q4, 5-business-day rule)",0001214659-24-018630,2024-11-08,0001633932,0001232621,2024-11-01,9.7,False,5.0,7.0
SC 13D,"EXICURE, INC.",1698530,2024-11-29,edgar/data/1698530/0001193125-24-268159.txt,"post (2024Q3-Q4, 5-business-day rule)",0001193125-24-268159,2024-11-29,0001698530,0002046701,,16.6,False,,
SC 13D,"Eagle Equity Partners IV, LLC",2041465,2024-10-30,edgar/data/2041465/0001213900-24-092440.txt,"post (2024Q3-Q4, 5-business-day rule)",0001213900-24-092440,2024-10-30,0001852207,0002041465,,23.17,False,,
SC 13D,"Enviva, LLC",1592057,2024-12-13,edgar/data/1592057/0001104659-24-128584.txt,"post (2024Q3-Q4, 5-business-day rule)",0001104659-24-128584,2024-12-13,0001592057,0002048379,,,False,,
SC 13D,"FIRST SOLAR, INC.",1274494,2024-12-10,edgar/data/1274494/0000950170-24-134827.txt,"post (2024Q3-Q4, 5-business-day rule)",0000950170-24-134827,2024-12-10,0001274494,0001071351,2024-12-06,6.42,False,2.0,4.0
SC 13D,"Five Point Holdings, LLC",1574197,2024-10-23,edgar/data/1574197/0001539497-24-002214.txt,"post (2024Q3-Q4, 5-business-day rule)",0001539497-24-002214,2024-10-23,0001574197,0001588901,2024-10-22,9.0,False,1.0,1.0
SC 13D,Fusion Fuel Green PLC,1819794,2024-12-06,edgar/data/1819794/0001213900-24-106581.txt,"post (2024Q3-Q4, 5-business-day rule)",0001213900-24-106581,2024-12-06,0001393781,0001819794,,69.4,False,,
SC 13D,GLYCOMIMETICS INC,1253689,2024-11-04,edgar/data/1253689/0000902664-24-006210.txt,"post (2024Q3-Q4, 5-business-day rule)",0000902664-24-006210,2024-11-04,0001253689,0001535978,2024-10-29,7.9,False,4.0,6.0
SC 13D,Garden Stage Ltd,1954269,2024-10-11,edgar/data/1954269/0001213900-24-087155.txt,"post (2024Q3-Q4, 5-business-day rule)",0001213900-24-087155,2024-10-11,0001954269,0002037194,2024-10-10,67.84,False,1.0,1.0
SC 13D,Global Blue Group Holding AG,1799983,2024-12-05,edgar/data/1799983/0001104659-24-125741.txt,"post (2024Q3-Q4, 5-business-day rule)",0001104659-24-125741,2024-12-05,0001799983,0002017279,,,False,,
SC 13D,Global Crossing Airlines Group Inc.,1846084,2024-10-21,edgar/data/1846084/0001214659-24-017754.txt,"post (2024Q3-Q4, 5-business-day rule)",0001214659-24-017754,2024-10-21,0001846084,0001325533,2024-10-18,13.3,False,1.0,3.0
SC 13D,HARTE HANKS INC,45919,2024-12-06,edgar/data/45919/0000921895-24-002895.txt,"post (2024Q3-Q4, 5-business-day rule)",0000921895-24-002895,2024-12-06,0000045919,0001380585,2024-12-04,5.6,False,2.0,2.0
SC 13D,"HandsOn Fund 4 I, LLC",1712411,2024-11-25,edgar/data/1712411/0001104659-24-122623.txt,"post (2024Q3-Q4, 5-business-day rule)",0001104659-24-122623,2024-11-25,0001620179,0001712411,,37.09,False,,
SC 13D,Highland Vision Holding LTD,2036343,2024-10-15,edgar/data/2036343/0001104659-24-108747.txt,"post (2024Q3-Q4, 5-business-day rule)",0001104659-24-108747,2024-10-15,0001781193,0002036343,2024-08-08,30.61,False,48.0,68.0
SC 13D,Horizon Space Acquisition II Corp.,2032950,2024-11-19,edgar/data/2032950/0001929980-24-000563.txt,"post (2024Q3-Q4, 5-business-day rule)",0001929980-24-000563,2024-11-19,0002032950,0002044573,2024-11-12,22.9,False,5.0,7.0
SC 13D,Klein Mark D,1322402,2024-12-04,edgar/data/1322402/0001104659-24-125520.txt,"post (2024Q3-Q4, 5-business-day rule)",0001104659-24-125520,2024-12-04,0001509470,0001322402,2024-11-29,5.01,False,3.0,5.0
SC 13D,"LHX Intermediate, LLC",2046915,2024-12-06,edgar/data/2046915/0000950103-24-017408.txt,"post (2024Q3-Q4, 5-business-day rule)",0000950103-24-017408,2024-12-06,0001865506,0002046915,,58.2,False,,
SC 13D,LIQTECH INTERNATIONAL INC,1307579,2024-11-19,edgar/data/1307579/0001781002-24-000055.txt,"post (2024Q3-Q4, 5-business-day rule)",0001781002-24-000055,2024-11-19,0001307579,0001781002,2024-11-12,33.7,False,5.0,7.0
SC 13D,LX Management Co Ltd,2046272,2024-12-03,edgar/data/2046272/0001104659-24-124829.txt,"post (2024Q3-Q4, 5-business-day rule)",0001104659-24-124829,2024-12-03,0001779578,0002046272,,49.0,False,,
SC 13D,"Lamb Weston Holdings, Inc.",1679273,2024-10-18,edgar/data/1679273/0000902664-24-005888.txt,"post (2024Q3-Q4, 5-business-day rule)",0000902664-24-005888,2024-10-18,0001679273,0001998597,,5.0,False,,
SC 13D,"Lamb Weston Holdings, Inc.",1679273,2024-10-18,edgar/data/1679273/0001104659-24-109740.txt,"post (2024Q3-Q4, 5-business-day rule)",0001104659-24-109740,2024-10-18,0001679273,0000929607,2024-10-11,1.0,False,5.0,7.0
SC 13D,Legendman Investments Ltd,2043607,2024-11-07,edgar/data/2043607/0001753926-24-001826.txt,"post (2024Q3-Q4, 5-business-day rule)",0001753926-24-001826,2024-11-07,0001947210,0002043607,2024-10-23,6.09,False,11.0,15.0
SC 13D,Liu Huan,1991920,2024-10-04,edgar/data/1991920/0001104659-24-106234.txt,"post (2024Q3-Q4, 5-business-day rule)",0001104659-24-106234,2024-10-04,0001951667,0001991920,2024-09-30,23.65,False,4.0,4.0
SC 13D,MAYS J W INC,54187,2024-12-09,edgar/data/54187/0001104659-24-126778.txt,"post (2024Q3-Q4, 5-business-day rule)",0001104659-24-126778,2024-12-09,0000054187,0001702563,,,False,,
SC 13D,"MGT CAPITAL INVESTMENTS, INC.",1001601,2024-11-08,edgar/data/1001601/0001493152-24-044359.txt,"post (2024Q3-Q4, 5-business-day rule)",0001493152-24-044359,2024-11-08,0001001601,0002039927,2024-11-01,63.7,False,5.0,7.0
SC 13D,"Mallard Holdco, LLC",1850753,2024-10-11,edgar/data/1850753/0001193125-24-236789.txt,"post (2024Q3-Q4, 5-business-day rule)",0001193125-24-236789,2024-10-11,0001835256,0001850753,,41.72,False,,
SC 13D,Nordicus Partners Corp,1011060,2024-12-10,edgar/data/1011060/0001493152-24-049435.txt,"post (2024Q3-Q4, 5-business-day rule)",0001493152-24-049435,2024-12-10,0001011060,0002046935,2024-11-12,18.29,False,20.0,28.0
SC 13D,ONEOK INC /NEW/,1039684,2024-10-15,edgar/data/1039684/0001213900-24-087890.txt,"post (2024Q3-Q4, 5-business-day rule)",0001213900-24-087890,2024-10-15,0001592000,0001039684,2024-10-15,43.4,False,0.0,0.0
SC 13D,"Oaktree Capital Holdings, LLC",1790787,2024-10-04,edgar/data/1790787/0001140361-24-042795.txt,"post (2024Q3-Q4, 5-business-day rule)",0001140361-24-042795,2024-10-04,0001625297,0001790787,2024-10-02,2.59,False,2.0,2.0
SC 13D,Oportun Financial Corp,1538716,2024-11-20,edgar/data/1538716/0001415889-24-027328.txt,"post (2024Q3-Q4, 5-business-day rule)",0001415889-24-027328,2024-11-20,0001538716,0001469000,2024-11-14,9.9,False,4.0,6.0
SC 13D,"Opus Genetics, Inc.",1228627,2024-10-29,edgar/data/1228627/0001193125-24-246646.txt,"post (2024Q3-Q4, 5-business-day rule)",0001193125-24-246646,2024-10-29,0001228627,0002042266,,8.16,False,,
SC 13D,Oriental Moon Tree Ltd,2037194,2024-11-08,edgar/data/2037194/0001213900-24-095622.txt,"post (2024Q3-Q4, 5-business-day rule)",0001213900-24-095622,2024-11-08,0001954269,0002037194,2024-11-01,61.68,False,5.0,7.0
SC 13D,QUHUO Ltd,1781193,2024-10-15,edgar/data/1781193/0001104659-24-108746.txt,"post (2024Q3-Q4, 5-business-day rule)",0001104659-24-108746,2024-10-15,0001781193,0002036897,,,False,,
SC 13D,QUHUO Ltd,1781193,2024-10-15,edgar/data/1781193/0001104659-24-108747.txt,"post (2024Q3-Q4, 5-business-day rule)",0001104659-24-108747,2024-10-15,0001781193,0002036343,2024-08-08,30.61,False,48.0,68.0
SC 13D,Qatar Investment Authority,1441449,2024-10-23,edgar/data/1441449/0001140361-24-044040.txt,"post (2024Q3-Q4, 5-business-day rule)",0001140361-24-044040,2024-10-23,0002020354,0001441449,2024-10-16,2.59,False,5.0,7.0
SC 13D,RED ROBIN GOURMET BURGERS INC,1171759,2024-10-09,edgar/data/1171759/0000921895-24-002270.txt,"post (2024Q3-Q4, 5-business-day rule)",0000921895-24-002270,2024-10-09,0001171759,0001461945,2024-10-02,2.9,False,5.0,7.0
SC 13D,Ramasamy Mohanraj,2040656,2024-10-09,edgar/data/2040656/0001493152-24-040572.txt,"post (2024Q3-Q4, 5-business-day rule)",0001493152-24-040572,2024-10-09,0001973368,0002040656,2024-09-26,13.9,False,9.0,13.0
SC 13D,Ross Jack,1626921,2024-10-31,edgar/data/1626921/0001213900-24-093169.txt,"post (2024Q3-Q4, 5-business-day rule)",0001213900-24-093169,2024-10-31,0001562733,0001626921,2024-10-24,0.0,False,5.0,7.0
SC 13D,STILWELL JOSEPH,1113303,2024-11-05,edgar/data/1113303/0000921895-24-002467.txt,"post (2024Q3-Q4, 5-business-day rule)",0000921895-24-002467,2024-11-05,0001979332,0001113303,2024-10-29,7.4,False,5.0,7.0
SC 13D,Taylor Stephen Charles,1316004,2024-11-25,edgar/data/1316004/0001084991-24-000128.txt,"post (2024Q3-Q4, 5-business-day rule)",0001084991-24-000128,2024-11-25,0001084991,0001316004,2024-11-21,12.0,False,2.0,4.0
SC 13D,"Traeger, Inc.",1857853,2024-11-04,edgar/data/1857853/0001857853-24-000112.txt,"post (2024Q3-Q4, 5-business-day rule)",0001857853-24-000112,2024-11-04,0001857853,0001523496,2023-04-13,20.0,False,407.0,571.0
SC 13D,"TuHURA Biosciences, Inc./NV",1498382,2024-10-25,edgar/data/1498382/0000897069-24-002048.txt,"post (2024Q3-Q4, 5-business-day rule)",0000897069-24-002048,2024-10-25,0001498382,0001996297,2024-10-18,26.7,False,5.0,7.0
SC 13D,TuSimple Holdings Inc.,1823593,2024-12-16,edgar/data/1823593/0000921895-24-002952.txt,"post (2024Q3-Q4, 5-business-day rule)",0000921895-24-002952,2024-12-16,0001823593,0001851998,2024-12-16,5.4,False,0.0,0.0
SC 13D,VS MEDIA Holdings Ltd,1951294,2024-10-04,edgar/data/1951294/0001493152-24-039486.txt,"post (2024Q3-Q4, 5-business-day rule)",0001493152-24-039486,2024-10-04,0001951294,0002039456,2023-10-04,26.63,False,262.0,366.0
SC 13D,Vertex Energy Inc.,890447,2024-10-01,edgar/data/890447/0001140361-24-042513.txt,"post (2024Q3-Q4, 5-business-day rule)",0001140361-24-042513,2024-10-01,0000890447,0001257391,2024-09-24,2.59,False,5.0,7.0
SC 13D,Viking Capital Ltd,2035022,2024-12-02,edgar/data/2035022/0001193125-24-268950.txt,"post (2024Q3-Q4, 5-business-day rule)",0001193125-24-268950,2024-12-02,0001745201,0002035022,,53.3,False,,
SC 13D,"Virios Therapeutics, Inc.",1818844,2024-10-15,edgar/data/1818844/0001104659-24-108596.txt,"post (2024Q3-Q4, 5-business-day rule)",0001104659-24-108596,2024-10-15,0001818844,0002040446,2024-10-07,15.9,False,6.0,8.0
SC 13D,Vitoc Vlad,1913257,2024-10-25,edgar/data/1913257/0001193125-24-244214.txt,"post (2024Q3-Q4, 5-business-day rule)",0001193125-24-244214,2024-10-25,0001878313,0001913257,,13.29,False,,
SC 13D,Wahlestedt Claes Robert,2044772,2024-11-15,edgar/data/2044772/0001493152-24-046385.txt,"post (2024Q3-Q4, 5-business-day rule)",0001493152-24-046385,2024-11-15,0001679628,0002044772,2024-11-08,10.9,False,5.0,7.0
SC 13D,ZEEKR Intelligent Technology Holding Ltd,1954042,2024-11-21,edgar/data/1954042/0001104659-24-121221.txt,"post (2024Q3-Q4, 5-business-day rule)",0001104659-24-121221,2024-11-21,0001954042,0002042890,,,False,,
SC 13D,Zucker Anita G,1434993,2024-11-20,edgar/data/1434993/0001185185-24-001162.txt,"post (2024Q3-Q4, 5-business-day rule)",0001185185-24-001162,2024-11-20,0000744825,0001434993,2024-11-20,5.2,False,0.0,0.0
